Workbook
Name Lista_Especie: 'LISTA-ESPECIES'!$A$4:$D$102
Name TESTE: 'IF-100%'!#REF!
Name TESTE_1: #REF!
Name TESTE_10: #REF!
Name TESTE_11: #REF!
Name TESTE_12: #REF!
Name TESTE_13: #REF!
Name TESTE_14: #REF!
Name TESTE_15: #REF!
Name TESTE_16: #REF!
Name TESTE_17: #REF!
Name TESTE_2: #REF!
Name TESTE_3: #REF!
Name TESTE_4: #REF!
Name TESTE_5: #REF!
Name TESTE_6: #REF!
Name TESTE_7: #REF!
Name TESTE_8: #REF!
Name TESTE_9: #REF!
Name TESTE2: #REF!
Name TESTE3: #REF!
Name TESTE4: #REF!
Name TESTE5: #REF!
Name UT_01: #REF!

Sheet ROTEIRO
A6: ROTEIRO PARA ANÁLISE TÉCNICA DE IF-100% PARA PMFS (Versão 2.0; Data: 10/12/2025)
A8: Autor: Prof. Deivison Venicio Souza
A9: Insituição de Origem: Universidade Federal do Pará
A10: Curso: Engenharia Florestal/UFRA/Forma Pará - Pacajá
A11: Disciplina: Inventário Florestal (EFBEL249)
A13: Legislação com diretrizes técnicas para análise de Censo Florestal (IF-100%) no âmbito do MFS de Florestas Nativas no Bioma Amazônia
A15: Decreto nº 5.975 de 30 de novembro 2006 (Defini fundamentos técnicos gerais do PMFS, transporte de produtos e subprodutos florestais)
A16: Norma de Execução/IBAMA 01 de 24 de 04 de 2007 (Diretrizes Técnicas para Elaboração dos PMFS)
A17: Resolução CONAMA nº 406 de 02 de fevereiro de 2009 (Parâmetros técnicos para elaboração, avaliação e execução de PMFS fins madeireiros)
A18: Portaria MMA nº 443 de 17 de dezembro de 2014 (Lista as espécies da flora brasileira ameaçadas de extinção)
A19: Portaria MMA nº 148 de 07 de junho de 2022 (Altera anexos da Portaria MMA nº 443, de 17 de dezembro de 2014)
A20: Instrução Normativa nº 01 de 12 de fevereiro de 2015 – MMA (Regulamenta o manejo das espécies vulneráveis - VU)
... A28: 👉 PASSO 1: Defina a lista de espécies que devem ser consideradas para exploração florestal (corte): (espécies de valor comercial no mercado)
A30: Nome Vulgar | B30: Nome Científico | D30: Aspectos Gerais:
A31: Angelim-Pedra | B31: Hymenolobium petraeum Ducke | D31: 1 - Tipologia Florestal: Floresta Ombrófila Densa
A32: Cedrarana | B32: Cedrelinga catenaeformis Ducke | D32: 2 - Ciclo de corte: 35 anos (com previsão de uso de máquinas para arraste de toras).
A33: Cumaru | B33: Dipteryx odorata (Aubl.) Willd. | D33: 3 - Intensidade máxima de corte: 30 m³/ha
A34: Cupiúba | B34: Goupia glabra Aubl. | D34: 4 - Estimativa de Produtividade Anual: 0,86 m³/ha/ano
A35: Freijó | B35: Cordia goeldiana Huber | D35: 5 - Diâmetro Mínimo de Corte (DMC): 50 cm (todas as espécies, exceto para aquelas com regulamentação específica)
A36: Garapa | B36: Apuleia leiocarpa (Vogel) J.F.Macbr. | D36: (Obs.: A SEMAS faz análise de DMC em nível de espécie): DMC: diâmetro mínimo da espécie + 10 cm
A37: Jarana | B37: Lecythis chartacea O.Berg | D37: 6 - Diâmetro Mínimo de Corte (DMC) - IN IBAMA 27/2024:
A38: Jatobá | B38: Hymenaea courbaril L.
A39: Louro | B39: Ocotea cymbarum Kunth | D39: Gênero | E39: FOA/FE/S/C | G39: FOD
A40: Maçaranduba | B40: Manilkara huberi (Ducke) Chevalier | E40: DMC | F40: IME | G40: DMC | H40: IME
A41: Muiracatiara | B41: Astronium lecointei Ducke | D41: Handroanthus | E41: 60 | F41: 70 | G41: 70 | H41: 70
A42: Orelha-De-Macaco | B42: Parkia pendula (Willd.) Benth. ex Walp. | D42: Tabebuia | E42: 60 | F42: 70 | G42: 70 | H42: 70
A43: Pequi | B43: Caryocar villosum (Aubl.) Pers. | D43: Dipteryx | E43: 60 | F43: 75 | G43: 80 | H43: 75
A44: Quarubarana | B44: Erisma uncinatum Warm. | D44: Cedrela | E44: 55 | F44: 70 | G44: 70 | H44: 50
A45: Sapucaia | B45: Lecythis pisonis Cambess. | D45: FOA = Floresta Ombrófila Aberta/FE = Floresta Estacional/S = Savana/C = Campinarana
A46: Tamburi | B46: Enterolobium contortisiliquum (Vell.) Morong | D46: FOD = Floresta Ombrófila Densa
A47: Tauari | B47: Couratari guianensis Aubl. | D47: DMC = Diâmetro Mínimo de Corte, em cm
A48: Taxi | B48: Tachigali myrmecophila Ducke | D48: IME = Intensidade Máxima de Exploração, em %
A49: Timborana | B49: Piptadenia suaveolens Miq.
D51: Resolução CONAMA nº 406 de 02 de fevereiro de 2009
D52: Instrução Normativa/IBAMA nº 28 de 10 de dezembro de 2024
A54: 👉 PASSO 2: Considere as seguintes Áreas de Efetiva Exploração Florestal por Unidade de Trabalho (UT): (Análise Geotecnológica)
A56: UT | B56: Área de efetiva exploração da UT (ha)
A57: 1 | B57: 294.2697
A58: 2 | B58: 277.2759
A59: Total | B59: =SUBTOTAL(109,Tabela148[Área de efetiva exploração da UT (ha)]) -> 571.5456
A61: 👉 PASSO 3: Formate as tabelas de dados das abas denominadas "DADOS-ESPECIES", "AEEF-UT", "IF-100%, "CD" e "DD" no "Formato de Tabela" do Excel . Para tanto faça:
A62: a) Selecione cada tabela de dados nas abas "DADOS-ESPECIES", "AEEF-UT" e "IF-100%" (toda região de dados, uma de cada vez).
A63: b) Em seguida, no menu "Pagina inicial" escolher a opção "Formatar como Tabela" (Escolha um design qualquer).
A64: b) Na sequência, acesse a opção "Design da Tabela", e no campo "Propriedades" (em Nome da Tabela) nomeie as tabelas das abas:
A66: "DADOS-ESPECIES" como "ESPECIES"
A67: "AEEF-UT" como "AEEF"
A68: "CD" como "CD"
A69: "DD" como "DD"
A70: "IF-100%" como "CENSO"
A72: 👉 PASSO 4: Renomeie os nomes das colunas da tabela "CENSO" na aba "IF-100%", conforme Portaria SEMAS 39/2025 (Anexos I e II)
A73: Portaria/SEMAS nº 39 de 14 de Janeiro de 2025 (Estabelece o modelo padronizado para apresentação dos arquivos digitais de inventário florestal)
A75: → Na sequência, adicione as seguintes colunas: "NOME CIENTÍFICO", "DAP (cm)", "g (m²)", "v (m³)", "CATEGORIA" e "CLASSE DIAMÉTRICA"
... A131: → Para espécies dos gêneros Handroanthus, Tabebuia, Dipteryx e Cedrela considerar o DMC estabelecido na IN/IBAMA 28/2024 para cada tipo de vegetação na Bioma Amazônia.
A133: Gênero | B133: FOA/FE/S/C | D133: FOD
B134: DMC | C134: IME | D134: DMC | E134: IME
A135: Handroanthus | B135: 60 | C135: 70 | D135: 70 | E135: 70 | G135: Instrução Normativa/IBAMA nº 28 de 10 de dezembro de 2024
A136: Tabebuia | B136: 60 | C136: 70 | D136: 70 | E136: 70
A137: Dipteryx | B137: 60 | C137: 75 | D137: 80 | E137: 75
A138: Cedrela | B138: 55 | C138: 70 | D138: 70 | E138: 50
A139: FOA = Floresta Ombrófila Aberta/FE = Floresta Estacional/S = Savana/C = Campinarana
A140: FOD = Floresta Ombrófila Densa
A141: DMC = Diâmetro Mínimo de Corte, em cm
A142: IME = Intensidade Máxima de Exploração, em %
A144: → Para espécies cujo menor valor de DAP é inferior a 40 cm (Menor DAP < 40 cm) fixar o DMCE em 50 cm.
A145: → Para espécies cujo menor valor de DAP é maior ou igual a 40 cm (Menor DAP ≥ 40 cm) o DMCE será calculado da seguinte forma:
A146: Adicione (Somar) 10 cm ao menor valor DAP da espécie. Por exemplo, se o menor valor de DAP de uma espécie "X" for 50 cm, então: 50 cm + 10 cm = 60 cm. Ou seja, o DMCE da espécie "X" será 60 cm.
A147: (COLUNA OPCIONAL! NÃO EXIGIDA PELOS ANEXOS DA PORTARIA 39/2025. AJUDARÁ APENAS NA GERAÇÃO DE RESULTADOS!)
A149: 👉 PASSO 13: Crie uma nova coluna denominada "COMPARE" na tabela "CENSO" da aba "IF-100%" para identificar as árvores que possuem "DAP (cm)" menor do que "DMCE", e ao contrário disso.
A150: a) Use a função SE() para isso. A condição lógica é DAP (cm) < DMCE. Atribua o texto "DAP < DMCE" se a condição for Verdadeira, e "DAP ≥ DMCE" se Falsa.
A151: (COLUNA OPCIONAL! NÃO EXIGIDA PELOS ANEXOS DA PORTARIA 39/2025. AJUDARÁ APENAS NA GERAÇÃO DE RESULTADOS!)
A153: 👉 PASSO 14: Crie uma nova coluna denominada "DmaxC" na tabela "CENSO" da aba "IF-100%" para identificar as árvores com DAP > DmaxC (200 cm).
... A220: a) As espécies da categoria "Protegida" são aquelas cuja proibição de exploração está prevista em norma legal. Por exemplo, Castanheira, Mogno, Acapu...
A221: → Na tabela "CENSO" da aba "IF-100%", procure a coluna "Ameaçada" e clique no ícone de "Filtrar" (no canto inferior direito da célula). Em seguida, as categorias de ameaçadas serão exibidas, verifique se existem árvores de espécies da categoria "Protegida". Em caso positivo, na coluna "Ameaçada" filtre apenas as árvores classificadas como "Protegida". Em seguida, na coluna "Categoria" atribua a categoria "Protegida" para as árvores filtradas. | L221: Protegida | M221: 150
A222: b) Árvores situadas em APP também são classificadas como "Protegida". Portanto, observe na coluna "Observações" se existe alguma indicação de árvores em APP. Caso positivo, filtre essas árvores na coluna "Observação" e na coluna "Categoria" atribua a categoria "Protegida". | L222: Remanescente | M222: 772
L223: Remanescente 2 | M223: 54
A224: ⸙ Categoria "Remanescente":
A225: a) As árvores com DAP < DMCE são classificadas como "Remanescente", desde que não estejam na categoria "Protegida".
A226: → Na tabela "CENSO" da aba "IF-100%", procure a coluna "Compare" e filtre as árvores com "DAP < DMCE". Na sequência, na coluna "Ameaçada" verifique se existem árvores classificadas como "Protegidas". Em caso positivo, desmarque a(s) categoria(s) "Protegida". Em seguida, na coluna "Categoria" atribua a categoria "Remanescente" para as árvores filtradas.
A228: ⸙ Categoria "Remanescente 2":
A229: ⁂ Devem ser classificadas como "Remanescente 2":
A230: (Obs.: Essas árvores não podem ser exploradas. Essas árvores não são contabilizadas nos cálculos de manutenção.)
A231: (Obs.: Essas árvores também não podem ser colocadas como"Matrizes". Pois, possuem QF = 3)
A232: a) As árvores com QF = 3 com DAP ≥ DMCE, desde que não sejam da categoria "Protegida".
A233: → Na tabela "CENSO" da aba "IF-100%", procure a coluna "QF" e filtre as árvores com QF = 3. Em seguida, na coluna "Compare" filtre as árvores com DAP ≥ DMCE. Na sequência, na coluna "Categoria" atribua a categoria "Remanescente 2".
A235: b) As árvores com DmaxC > 200 cm (DmaxC = Diâmetro Máximo de Corte), ou 628 cm de CAP, desde que não sejam da categoria "Protegida".
A236: → Na tabela da aba "IF-100%", procure a coluna "DmaxC" e filtre as árvores classificadas como "Superior" (são as árvores com DAP > 200 cm). Em seguida, na coluna "Categoria" atribua a categoria "Remanescente 2".
A238: ⸙ Categoria "Matrizes":
... A386: → Atentar para não escolher árvores "Substitutas" com QF = 3 e/ou com DAP ≥ 200 cm.

Sheet DADOS-ESPECIES
A1: Nome Vulgar | B1: Nome Científico | C1: Família | D1: Ameaçada
A2: ACAPU | B2: Vouacapoua americana Aubl. | C2: Fabaceae | D2: Protegida
A3: AMARELINHO | B3: Euxylophora paraensis Huber | C3: Rutaceae | D3: Protegida
A4: CASTANHEIRA | B4: Bertholletia excelsa Humb. & Bonpl. | C4: Lecythidaceae | D4: Protegida
A5: CASTANHEIRA-DO-PARÁ | B5: Bertholletia excelsa Humb. & Bonpl. | C5: Lecythidaceae | D5: Protegida
A6: LOURO-TAMAQUARÉ | B6: Dimorphandra wilsonii Rizzini | C6: Lauraceae | D6: Protegida
A7: MAMARANA | B7: Catostemma albuquerquei Paula | C7: Malvaceae | D7: Protegida
A8: MOGNO | B8: Swietenia macrophylla King. | C8: Meliaceae | D8: Protegida
A9: AMARELÃO | B9: Apuleia leiocarpa (Vogel) J.F.Macbr. | C9: Fabaceae | D9: Vulneravel
A10: BRAÚNA | B10: Melanoxylon brauna Schott | C10: Fabaceae | D10: Vulneravel
A11: CEDRO | B11: Cedrela fissilis Vell. | C11: Meliaceae | D11: Vulneravel
A12: CEDRO-VERMELHO | B12: Cedrela odorata L. | C12: Meliaceae | D12: Vulneravel
... A371: MARIMARI | B371: Couepia bracteosa Benth. | C371: Chrysobalanaceae | D371: Não

Sheet AEEF-UT
A1: UT | B1: AEEF-UT | C1: Unidade
A2: 1 | B2: 294.2697 | C2: ha
A3: 2 | B3: 277.2759 | C3: ha
A6: AEEF-UT: Área de Efetiva Exploração Florestal da UT

Sheet CD
A1: DAPmin | B1: Classe
A2: 0 | B2: LASCAS
A3: 10 | B3: LENHA
A4: 35 | B4: TORETE
A5: 50 | B5: TORA
A7: Classe diamétrica: classificação dos indivíduos conforme o diâmetro à altura do peito (DAP)
A9: Tora: DAP ≥ 50 cm;
A10: Torete: 35 ≤ DAP ≤ 49,99;
A11: Lenha: 10 ≤ DAP ≤ 34,99; e
A12: Lascas: DAP >10 < 50 (Confuso! Vamos admitir que "LASCAS" são individuos com DAP < 10 cm)
A14: Portaria/SEMAS nº 39 de 14 de Janeiro de 2025 (Estabelece o modelo padronizado para apresentação dos arquivos digitais de inventário florestal)

Sheet DD
A1: LI | B1: Classe
A2: 30 | B2: 30├ 40
A3: 40 | B3: 40├ 50
A4: 50 | B4: 50├ 60
A5: 60 | B5: 60├ 70
A6: 70 | B6: 70├ 80
A7: 80 | B7: 80├ 90
A8: 90 | B8: 90├ 100
A9: 100 | B9: 100├ 110
A10: 110 | B10: 110├ 120
A11: 120 | B11: 120├ 130
A12: 130 | B12: 130├ 140
A13: 140 | B13: 140├ 150
... A29: 300 | B29: 300├ 310

Sheet IN28
B1: Tipologia Florestal
B2: FOA/FE/S/C | D2: FOD
A4: Gênero | B4: DMC | C4: IME | D4: DMC2 | E4: IME2
A5: Handroanthus | B5: 60 | C5: 70 | D5: 70 | E5: 70
A6: Tabebuia | B6: 60 | C6: 70 | D6: 70 | E6: 70
A7: Dipteryx | B7: 60 | C7: 75 | D7: 80 | E7: 75
A8: Cedrela | B8: 55 | C8: 70 | D8: 70 | E8: 50
A10: FOA = Floresta Ombrófila Aberta
A11: FE = Floresta Estacional
A12: S = Savana
A13: C = Campinarana
A14: FOD = Floresta Ombrófila Densa

Sheet IF-100%
A1: N° UPA | B1: N° UT | C1: N° FAIXA | D1: Nº ÁRVORE | E1: NOME CIENTIFICO | F1: NOME COMUM | G1: CAP (cm) | H1: DAP (cm) | I1: H (m) | J1: g (m²) | K1: v (m³) | L1: QF | M1: LONGITUDE | N1: LATITUDE | O1: CATEGORIA | P1: CLASSE DIAMETRICA | Q1: DISTRIBUIÇÃO DIAMETRICA | R1: GÊNERO | S1: TIPO DE VEGETAÇÃO | T1: Dmin (cm) | U1: DMCE (cm) | V1: COMPARE | W1: DmaxC | X1: AMEAÇADA | Y1: COMERCIAIS | Z1: G (m²/ha) (571,5456 ha) | AA1: v (m³/ha) (571,5456 ha)
A2: 1 | B2: 1 | C2: 1 | D2: 1 | E2: =VLOOKUP(CENSO[[#This Row],[NOME COMUM]],ESPECIES[],2,FALSE) -> Etaballia guianensis Benth. | F2: Mututi | G2: 130 | H2: =CENSO[[#This Row],[CAP (cm)]]/PI() -> 41.380285 | I2: 11 | J2: =(PI()*(CENSO[[#This Row],[DAP (cm)]]^2))/40000 -> 0.13448593 | K2: =CENSO[[#This Row],[g (m²)]]*CENSO[[#This Row],[H (m)]]*0.7 -> 1.0355416 | L2: 1 | M2: 368862.1 | N2: 9709538.5 | O2: Remanescente | P2: =VLOOKUP(CENSO[[#This Row],[DAP (cm)]],CD[],2,TRUE) -> TORETE | Q2: =VLOOKUP(CENSO[[#This Row],[DAP (cm)]],DD[],2,TRUE) -> 40├ 50 | R2: {=INDEX(_xlfn.TEXTSPLIT(CENSO[[#This Row],[NOME CIENTIFICO]]," "),1)} -> Etaballia | S2: FOD | T2: =_xlfn.MINIFS(CENSO[DAP (cm)],CENSO[NOME CIENTIFICO],CENSO[[#This Row],[NOME CIENTIFICO]]) -> 41.380285 | U2: =IF( OR(CENSO[[#This Row],[GÊNERO]]="Handroanthus",CENSO[[#This Row],[GÊNERO]]="Tabebuia",CENSO[[#This Row],[GÊNERO]]="Dipteryx",CENSO[[#This Row],[GÊNERO]]="Cedrela"), IF( OR(CENSO[[#This Row],[TIPO DE VEGETAÇÃO]]="FOA",CENSO[[#This Row],[TIPO DE VEGETAÇÃO]]="FE",CENSO[[#This Row],[TIPO DE VEGETAÇÃO]]="S",CENSO[[#This Row],[TIPO DE VEGETAÇÃO]]="C"), VLOOKUP(CENSO[[#This Row],[GÊNERO]],IN[],2,FALSE), IF( CENSO[[#This Row],[TIPO DE VEGETAÇÃO]]="FOD", VLOOKUP(CENSO[[#This Row],[GÊNERO]],IN[],4,FALSE), "" ) ), IF( CENSO[[#This Row],[Dmin (cm)]]<40, 50, CENSO[[#This Row],[Dmin (cm)]]+10 ) ) -> 51.380285 | V2: =IF(CENSO[[#This Row],[DAP (cm)]]<CENSO[[#This Row],[DMCE (cm)]],"DAP < DMCE","DAP ≥ DMCE") -> DAP < DMCE | W2: =IF(CENSO[[#This Row],[DAP (cm)]]>200, "Superior", "Inferior") -> Inferior | X2: =VLOOKUP(CENSO[[#This Row],[NOME COMUM]],ESPECIES[],4,FALSE) -> Não | Y2: =IF(IFERROR(VLOOKUP(CENSO[[#This Row],[NOME COMUM]],COMERCIAIS[],2, FALSE), "Não") <> "Não", "Sim", "Não") -> Não | Z2: =CENSO[[#This Row],[g (m²)]]/SUM(AEEF[AEEF-UT]) -> 0.00023530218 | AA2: =CENSO[[#This Row],[v (m³)]]/SUM(AEEF[AEEF-UT]) -> 0.0018118268
A3: 1 | B3: 1 | C3: 1 | D3: 2 | E3: =VLOOKUP(CENSO[[#This Row],[NOME COMUM]],ESPECIES[],2,FALSE) -> Pouteria sp. | F3: Jará | G3: 160 | H3: =CENSO[[#This Row],[CAP (cm)]]/PI() -> 50.929582 | I3: 13 | J3: =(PI()*(CENSO[[#This Row],[DAP (cm)]]^2))/40000 -> 0.20371833 | K3: =CENSO[[#This Row],[g (m²)]]*CENSO[[#This Row],[H (m)]]*0.7 -> 1.8538368 | L3: 2 | M3: 368857.7 | N3: 9709534.4 | O3: Matriz | P3: =VLOOKUP(CENSO[[#This Row],[DAP (cm)]],CD[],2,TRUE) -> TORA | Q3: =VLOOKUP(CENSO[[#This Row],[DAP (cm)]],DD[],2,TRUE) -> 50├ 60 | R3: {=INDEX(_xlfn.TEXTSPLIT(CENSO[[#This Row],[NOME CIENTIFICO]]," "),1)} -> Pouteria | S3: FOD | T3: =_xlfn.MINIFS(CENSO[DAP (cm)],CENSO[NOME CIENTIFICO],CENSO[[#This Row],[NOME CIENTIFICO]]) -> 39.788736 | U3: =IF( OR(CENSO[[#This Row],[GÊNERO]]="Handroanthus",CENSO[[#This Row],[GÊNERO]]="Tabebuia",CENSO[[#This Row],[GÊNERO]]="Dipteryx",CENSO[[#This Row],[GÊNERO]]="Cedrela"), IF( OR(CENSO[[#This Row],[TIPO DE VEGETAÇÃO]]="FOA",CENSO[[#This Row],[TIPO DE VEGETAÇÃO]]="FE",CENSO[[#This Row],[TIPO DE VEGETAÇÃO]]="S",CENSO[[#This Row],[TIPO DE VEGETAÇÃO]]="C"), VLOOKUP(CENSO[[#This Row],[GÊNERO]],IN[],2,FALSE), IF( CENSO[[#This Row],[TIPO DE VEGETAÇÃO]]="FOD", VLOOKUP(CENSO[[#This Row],[GÊNERO]],IN[],4,FALSE), "" ) ), IF( CENSO[[#This Row],[Dmin (cm)]]<40, 50, CENSO[[#This Row],[Dmin (cm)]]+10 ) ) -> 50 | V3: =IF(CENSO[[#This Row],[DAP (cm)]]<CENSO[[#This Row],[DMCE (cm)]],"DAP < DMCE","DAP ≥ DMCE") -> DAP ≥ DMCE | W3: =IF(CENSO[[#This Row],[DAP (cm)]]>200, "Superior", "Inferior") -> Inferior | X3: =VLOOKUP(CENSO[[#This Row],[NOME COMUM]],ESPECIES[],4,FALSE) -> Não | Y3: =IF(IFERROR(VLOOKUP(CENSO[[#This Row],[NOME COMUM]],COMERCIAIS[],2, FALSE), "Não") <> "Não", "Sim", "Não") -> Não | Z3: =CENSO[[#This Row],[g (m²)]]/SUM(AEEF[AEEF-UT]) -> 0.00035643407 | AA3: =CENSO[[#This Row],[v (m³)]]/SUM(AEEF[AEEF-UT]) -> 0.0032435501
A4: 1 | B4: 1 | C4: 2 | D4: 3 | E4: =VLOOKUP(CENSO[[#This Row],[NOME COMUM]],ESPECIES[],2,FALSE) -> Parkia multijuga Benth. | F4: Fava-De-Tucupi | G4: 125 | H4: =CENSO[[#This Row],[CAP (cm)]]/PI() -> 39.788736 | I4: 16 | J4: =(PI()*(CENSO[[#This Row],[DAP (cm)]]^2))/40000 -> 0.1243398 | K4: =CENSO[[#This Row],[g (m²)]]*CENSO[[#This Row],[H (m)]]*0.7 -> 1.3926058 | L4: 2 | M4: 368823 | N4: 9709517.4 | O4: Remanescente | P4: =VLOOKUP(CENSO[[#This Row],[DAP (cm)]],CD[],2,TRUE) -> TORETE | Q4: =VLOOKUP(CENSO[[#This Row],[DAP (cm)]],DD[],2,TRUE) -> 30├ 40 | R4: {=INDEX(_xlfn.TEXTSPLIT(CENSO[[#This Row],[NOME CIENTIFICO]]," "),1)} -> Parkia | S4: FOD | T4: =_xlfn.MINIFS(CENSO[DAP (cm)],CENSO[NOME CIENTIFICO],CENSO[[#This Row],[NOME CIENTIFICO]]) -> 39.788736 | U4: =IF( OR(CENSO[[#This Row],[GÊNERO]]="Handroanthus",CENSO[[#This Row],[GÊNERO]]="Tabebuia",CENSO[[#This Row],[GÊNERO]]="Dipteryx",CENSO[[#This Row],[GÊNERO]]="Cedrela"), IF( OR(CENSO[[#This Row],[TIPO DE VEGETAÇÃO]]="FOA",CENSO[[#This Row],[TIPO DE VEGETAÇÃO]]="FE",CENSO[[#This Row],[TIPO DE VEGETAÇÃO]]="S",CENSO[[#This Row],[TIPO DE VEGETAÇÃO]]="C"), VLOOKUP(CENSO[[#This Row],[GÊNERO]],IN[],2,FALSE), IF( CENSO[[#This Row],[TIPO DE VEGETAÇÃO]]="FOD", VLOOKUP(CENSO[[#This Row],[GÊNERO]],IN[],4,FALSE), "" ) ), IF( CENSO[[#This Row],[Dmin (cm)]]<40, 50, CENSO[[#This Row],[Dmin (cm)]]+10 ) ) -> 50 | V4: =IF(CENSO[[#This Row],[DAP (cm)]]<CENSO[[#This Row],[DMCE (cm)]],"DAP < DMCE","DAP ≥ DMCE") -> DAP < DMCE | W4: =IF(CENSO[[#This Row],[DAP (cm)]]>200, "Superior", "Inferior") -> Inferior | X4: =VLOOKUP(CENSO[[#This Row],[NOME COMUM]],ESPECIES[],4,FALSE) -> Não | Y4: =IF(IFERROR(VLOOKUP(CENSO[[#This Row],[NOME COMUM]],COMERCIAIS[],2, FALSE), "Não") <> "Não", "Sim", "Não") -> Não | Z4: =CENSO[[#This Row],[g (m²)]]/SUM(AEEF[AEEF-UT]) -> 0.00021755009 | AA4: =CENSO[[#This Row],[v (m³)]]/SUM(AEEF[AEEF-UT]) -> 0.0024365611
A5: 1 | B5: 1 | C5: 2 | D5: 4 | E5: =VLOOKUP(CENSO[[#This Row],[NOME COMUM]],ESPECIES[],2,FALSE) -> Inga paraensis Ducke | F5: Ingá | G5: 131 | H5: =CENSO[[#This Row],[CAP (cm)]]/PI() -> 41.698595 | I5: 14 | J5: =(PI()*(CENSO[[#This Row],[DAP (cm)]]^2))/40000 -> 0.1365629 | K5: =CENSO[[#This Row],[g (m²)]]*CENSO[[#This Row],[H (m)]]*0.7 -> 1.3383164 | L5: 2 | M5: 368801.3 | N5: 9709506.9 | O5: Remanescente | P5: =VLOOKUP(CENSO[[#This Row],[DAP (cm)]],CD[],2,TRUE) -> TORETE | Q5: =VLOOKUP(CENSO[[#This Row],[DAP (cm)]],DD[],2,TRUE) -> 40├ 50 | R5: {=INDEX(_xlfn.TEXTSPLIT(CENSO[[#This Row],[NOME CIENTIFICO]]," "),1)} -> Inga | S5: FOD | T5: =_xlfn.MINIFS(CENSO[DAP (cm)],CENSO[NOME CIENTIFICO],CENSO[[#This Row],[NOME CIENTIFICO]]) -> 41.380285 | U5: =IF( OR(CENSO[[#This Row],[GÊNERO]]="Handroanthus",CENSO[[#This Row],[GÊNERO]]="Tabebuia",CENSO[[#This Row],[GÊNERO]]="Dipteryx",CENSO[[#This Row],[GÊNERO]]="Cedrela"), IF( OR(CENSO[[#This Row],[TIPO DE VEGETAÇÃO]]="FOA",CENSO[[#This Row],[TIPO DE VEGETAÇÃO]]="FE",CENSO[[#This Row],[TIPO DE VEGETAÇÃO]]="S",CENSO[[#This Row],[TIPO DE VEGETAÇÃO]]="C"), VLOOKUP(CENSO[[#This Row],[GÊNERO]],IN[],2,FALSE), IF( CENSO[[#This Row],[TIPO DE VEGETAÇÃO]]="FOD", VLOOKUP(CENSO[[#This Row],[GÊNERO]],IN[],4,FALSE), "" ) ), IF( CENSO[[#This Row],[Dmin (cm)]]<40, 50, CENSO[[#This Row],[Dmin (cm)]]+10 ) ) -> 51.380285 | V5: =IF(CENSO[[#This Row],[DAP (cm)]]<CENSO[[#This Row],[DMCE (cm)]],"DAP < DMCE","DAP ≥ DMCE") -> DAP < DMCE | W5: =IF(CENSO[[#This Row],[DAP (cm)]]>200, "Superior", "Inferior") -> Inferior | X5: =VLOOKUP(CENSO[[#This Row],[NOME COMUM]],ESPECIES[],4,FALSE) -> Não | Y5: =IF(IFERROR(VLOOKUP(CENSO[[#This Row],[NOME COMUM]],COMERCIAIS[],2, FALSE), "Não") <> "Não", "Sim", "Não") -> Não | Z5: =CENSO[[#This Row],[g (m²)]]/SUM(AEEF[AEEF-UT]) -> 0.00023893614 | AA5: =CENSO[[#This Row],[v (m³)]]/SUM(AEEF[AEEF-UT]) -> 0.0023415742
A6: 1 | B6: 1 | C6: 2 | D6: 5 | E6: =VLOOKUP(CENSO[[#This Row],[NOME COMUM]],ESPECIES[],2,FALSE) -> Dialium guianense (Aubl.) Sandwith | F6: Pororoca | G6: 252 | H6: =CENSO[[#This Row],[CAP (cm)]]/PI() -> 80.214091 | I6: 17 | J6: =(PI()*(CENSO[[#This Row],[DAP (cm)]]^2))/40000 -> 0.50534878 | K6: =CENSO[[#This Row],[g (m²)]]*CENSO[[#This Row],[H (m)]]*0.7 -> 6.0136504 | L6: 1 | M6: 368800.3 | N6: 9709495.7 | O6: Matriz | P6: =VLOOKUP(CENSO[[#This Row],[DAP (cm)]],CD[],2,TRUE) -> TORA | Q6: =VLOOKUP(CENSO[[#This Row],[DAP (cm)]],DD[],2,TRUE) -> 80├ 90 | R6: {=INDEX(_xlfn.TEXTSPLIT(CENSO[[#This Row],[NOME CIENTIFICO]]," "),1)} -> Dialium | S6: FOD | T6: =_xlfn.MINIFS(CENSO[DAP (cm)],CENSO[NOME CIENTIFICO],CENSO[[#This Row],[NOME CIENTIFICO]]) -> 42.335215 | U6: =IF( OR(CENSO[[#This Row],[GÊNERO]]="Handroanthus",CENSO[[#This Row],[GÊNERO]]="Tabebuia",CENSO[[#This Row],[GÊNERO]]="Dipteryx",CENSO[[#This Row],[GÊNERO]]="Cedrela"), IF( OR(CENSO[[#This Row],[TIPO DE VEGETAÇÃO]]="FOA",CENSO[[#This Row],[TIPO DE VEGETAÇÃO]]="FE",CENSO[[#This Row],[TIPO DE VEGETAÇÃO]]="S",CENSO[[#This Row],[TIPO DE VEGETAÇÃO]]="C"), VLOOKUP(CENSO[[#This Row],[GÊNERO]],IN[],2,FALSE), IF( CENSO[[#This Row],[TIPO DE VEGETAÇÃO]]="FOD", VLOOKUP(CENSO[[#This Row],[GÊNERO]],IN[],4,FALSE), "" ) ), IF( CENSO[[#This Row],[Dmin (cm)]]<40, 50, CENSO[[#This Row],[Dmin (cm)]]+10 ) ) -> 52.335215 | V6: =IF(CENSO[[#This Row],[DAP (cm)]]<CENSO[[#This Row],[DMCE (cm)]],"DAP < DMCE","DAP ≥ DMCE") -> DAP ≥ DMCE | W6: =IF(CENSO[[#This Row],[DAP (cm)]]>200, "Superior", "Inferior") -> Inferior | X6: =VLOOKUP(CENSO[[#This Row],[NOME COMUM]],ESPECIES[],4,FALSE) -> Não | Y6: =IF(IFERROR(VLOOKUP(CENSO[[#This Row],[NOME COMUM]],COMERCIAIS[],2, FALSE), "Não") <> "Não", "Sim", "Não") -> Não | Z6: =CENSO[[#This Row],[g (m²)]]/SUM(AEEF[AEEF-UT]) -> 0.00088417928 | AA6: =CENSO[[#This Row],[v (m³)]]/SUM(AEEF[AEEF-UT]) -> 0.010521733
A7: 1 | B7: 1 | C7: 2 | D7: 6 | E7: =VLOOKUP(CENSO[[#This Row],[NOME COMUM]],ESPECIES[],2,FALSE) -> Tachigali myrmecophila Ducke | F7: Taxi | G7: 252 | H7: =CENSO[[#This Row],[CAP (cm)]]/PI() -> 80.214091 | I7: 17 | J7: =(PI()*(CENSO[[#This Row],[DAP (cm)]]^2))/40000 -> 0.50534878 | K7: =CENSO[[#This Row],[g (m²)]]*CENSO[[#This Row],[H (m)]]*0.7 -> 6.0136504 | L7: 1 | M7: 368799.6 | N7: 9709494.9 | O7: Matriz | P7: =VLOOKUP(CENSO[[#This Row],[DAP (cm)]],CD[],2,TRUE) -> TORA | Q7: =VLOOKUP(CENSO[[#This Row],[DAP (cm)]],DD[],2,TRUE) -> 80├ 90 | R7: {=INDEX(_xlfn.TEXTSPLIT(CENSO[[#This Row],[NOME CIENTIFICO]]," "),1)} -> Tachigali | S7: FOD | T7: =_xlfn.MINIFS(CENSO[DAP (cm)],CENSO[NOME CIENTIFICO],CENSO[[#This Row],[NOME CIENTIFICO]]) -> 39.152116 | U7: =IF( OR(CENSO[[#This Row],[GÊNERO]]="Handroanthus",CENSO[[#This Row],[GÊNERO]]="Tabebuia",CENSO[[#This Row],[GÊNERO]]="Dipteryx",CENSO[[#This Row],[GÊNERO]]="Cedrela"), IF( OR(CENSO[[#This Row],[TIPO DE VEGETAÇÃO]]="FOA",CENSO[[#This Row],[TIPO DE VEGETAÇÃO]]="FE",CENSO[[#This Row],[TIPO DE VEGETAÇÃO]]="S",CENSO[[#This Row],[TIPO DE VEGETAÇÃO]]="C"), VLOOKUP(CENSO[[#This Row],[GÊNERO]],IN[],2,FALSE), IF( CENSO[[#This Row],[TIPO DE VEGETAÇÃO]]="FOD", VLOOKUP(CENSO[[#This Row],[GÊNERO]],IN[],4,FALSE), "" ) ), IF( CENSO[[#This Row],[Dmin (cm)]]<40, 50, CENSO[[#This Row],[Dmin (cm)]]+10 ) ) -> 50 | V7: =IF(CENSO[[#This Row],[DAP (cm)]]<CENSO[[#This Row],[DMCE (cm)]],"DAP < DMCE","DAP ≥ DMCE") -> DAP ≥ DMCE | W7: =IF(CENSO[[#This Row],[DAP (cm)]]>200, "Superior", "Inferior") -> Inferior | X7: =VLOOKUP(CENSO[[#This Row],[NOME COMUM]],ESPECIES[],4,FALSE) -> Não | Y7: =IF(IFERROR(VLOOKUP(CENSO[[#This Row],[NOME COMUM]],COMERCIAIS[],2, FALSE), "Não") <> "Não", "Sim", "Não") -> Sim | Z7: =CENSO[[#This Row],[g (m²)]]/SUM(AEEF[AEEF-UT]) -> 0.00088417928 | AA7: =CENSO[[#This Row],[v (m³)]]/SUM(AEEF[AEEF-UT]) -> 0.010521733
A8: 1 | B8: 1 | C8: 2 | D8: 7 | E8: =VLOOKUP(CENSO[[#This Row],[NOME COMUM]],ESPECIES[],2,FALSE) -> Inga paraensis Ducke | F8: Ingá | G8: 131 | H8: =CENSO[[#This Row],[CAP (cm)]]/PI() -> 41.698595 | I8: 17 | J8: =(PI()*(CENSO[[#This Row],[DAP (cm)]]^2))/40000 -> 0.1365629 | K8: =CENSO[[#This Row],[g (m²)]]*CENSO[[#This Row],[H (m)]]*0.7 -> 1.6250985 | L8: 2 | M8: 368806.5 | N8: 9709487.4 | O8: Remanescente | P8: =VLOOKUP(CENSO[[#This Row],[DAP (cm)]],CD[],2,TRUE) -> TORETE | Q8: =VLOOKUP(CENSO[[#This Row],[DAP (cm)]],DD[],2,TRUE) -> 40├ 50 | R8: {=INDEX(_xlfn.TEXTSPLIT(CENSO[[#This Row],[NOME CIENTIFICO]]," "),1)} -> Inga | S8: FOD | T8: =_xlfn.MINIFS(CENSO[DAP (cm)],CENSO[NOME CIENTIFICO],CENSO[[#This Row],[NOME CIENTIFICO]]) -> 41.380285 | U8: =IF( OR(CENSO[[#This Row],[GÊNERO]]="Handroanthus",CENSO[[#This Row],[GÊNERO]]="Tabebuia",CENSO[[#This Row],[GÊNERO]]="Dipteryx",CENSO[[#This Row],[GÊNERO]]="Cedrela"), IF( OR(CENSO[[#This Row],[TIPO DE VEGETAÇÃO]]="FOA",CENSO[[#This Row],[TIPO DE VEGETAÇÃO]]="FE",CENSO[[#This Row],[TIPO DE VEGETAÇÃO]]="S",CENSO[[#This Row],[TIPO DE VEGETAÇÃO]]="C"), VLOOKUP(CENSO[[#This Row],[GÊNERO]],IN[],2,FALSE), IF( CENSO[[#This Row],[TIPO DE VEGETAÇÃO]]="FOD", VLOOKUP(CENSO[[#This Row],[GÊNERO]],IN[],4,FALSE), "" ) ), IF( CENSO[[#This Row],[Dmin (cm)]]<40, 50, CENSO[[#This Row],[Dmin (cm)]]+10 ) ) -> 51.380285 | V8: =IF(CENSO[[#This Row],[DAP (cm)]]<CENSO[[#This Row],[DMCE (cm)]],"DAP < DMCE","DAP ≥ DMCE") -> DAP < DMCE | W8: =IF(CENSO[[#This Row],[DAP (cm)]]>200, "Superior", "Inferior") -> Inferior | X8: =VLOOKUP(CENSO[[#This Row],[NOME COMUM]],ESPECIES[],4,FALSE) -> Não | Y8: =IF(IFERROR(VLOOKUP(CENSO[[#This Row],[NOME COMUM]],COMERCIAIS[],2, FALSE), "Não") <> "Não", "Sim", "Não") -> Não | Z8: =CENSO[[#This Row],[g (m²)]]/SUM(AEEF[AEEF-UT]) -> 0.00023893614 | AA8: =CENSO[[#This Row],[v (m³)]]/SUM(AEEF[AEEF-UT]) -> 0.0028433401
A9: 1 | B9: 1 | C9: 3 | D9: 8 | E9: =VLOOKUP(CENSO[[#This Row],[NOME COMUM]],ESPECIES[],2,FALSE) -> Dimorphandra multiflora Ducke | F9: Fava | G9: 132 | H9: =CENSO[[#This Row],[CAP (cm)]]/PI() -> 42.016905 | I9: 13 | J9: =(PI()*(CENSO[[#This Row],[DAP (cm)]]^2))/40000 -> 0.13865579 | K9: =CENSO[[#This Row],[g (m²)]]*CENSO[[#This Row],[H (m)]]*0.7 -> 1.2617677 | L9: 1 | M9: 368791.7 | N9: 9709450.2 | O9: Remanescente | P9: =VLOOKUP(CENSO[[#This Row],[DAP (cm)]],CD[],2,TRUE) -> TORETE | Q9: =VLOOKUP(CENSO[[#This Row],[DAP (cm)]],DD[],2,TRUE) -> 40├ 50 | R9: {=INDEX(_xlfn.TEXTSPLIT(CENSO[[#This Row],[NOME CIENTIFICO]]," "),1)} -> Dimorphandra | S9: FOD | T9: =_xlfn.MINIFS(CENSO[DAP (cm)],CENSO[NOME CIENTIFICO],CENSO[[#This Row],[NOME CIENTIFICO]]) -> 39.788736 | U9: =IF( OR(CENSO[[#This Row],[GÊNERO]]="Handroanthus",CENSO[[#This Row],[GÊNERO]]="Tabebuia",CENSO[[#This Row],[GÊNERO]]="Dipteryx",CENSO[[#This Row],[GÊNERO]]="Cedrela"), IF( OR(CENSO[[#This Row],[TIPO DE VEGETAÇÃO]]="FOA",CENSO[[#This Row],[TIPO DE VEGETAÇÃO]]="FE",CENSO[[#This Row],[TIPO DE VEGETAÇÃO]]="S",CENSO[[#This Row],[TIPO DE VEGETAÇÃO]]="C"), VLOOKUP(CENSO[[#This Row],[GÊNERO]],IN[],2,FALSE), IF( CENSO[[#This Row],[TIPO DE VEGETAÇÃO]]="FOD", VLOOKUP(CENSO[[#This Row],[GÊNERO]],IN[],4,FALSE), "" ) ), IF( CENSO[[#This Row],[Dmin (cm)]]<40, 50, CENSO[[#This Row],[Dmin (cm)]]+10 ) ) -> 50 | V9: =IF(CENSO[[#This Row],[DAP (cm)]]<CENSO[[#This Row],[DMCE (cm)]],"DAP < DMCE","DAP ≥ DMCE") -> DAP < DMCE | W9: =IF(CENSO[[#This Row],[DAP (cm)]]>200, "Superior", "Inferior") -> Inferior | X9: =VLOOKUP(CENSO[[#This Row],[NOME COMUM]],ESPECIES[],4,FALSE) -> Não | Y9: =IF(IFERROR(VLOOKUP(CENSO[[#This Row],[NOME COMUM]],COMERCIAIS[],2, FALSE), "Não") <> "Não", "Sim", "Não") -> Não | Z9: =CENSO[[#This Row],[g (m²)]]/SUM(AEEF[AEEF-UT]) -> 0.00024259794 | AA9: =CENSO[[#This Row],[v (m³)]]/SUM(AEEF[AEEF-UT]) -> 0.0022076413
A10: 1 | B10: 1 | C10: 3 | D10: 9 | E10: =VLOOKUP(CENSO[[#This Row],[NOME COMUM]],ESPECIES[],2,FALSE) -> Aspidosperma carapanauba Pichon. | F10: Carapanaúba | G10: 222 | H10: =CENSO[[#This Row],[CAP (cm)]]/PI() -> 70.664795 | I10: 17 | J10: =(PI()*(CENSO[[#This Row],[DAP (cm)]]^2))/40000 -> 0.39218961 | K10: =CENSO[[#This Row],[g (m²)]]*CENSO[[#This Row],[H (m)]]*0.7 -> 4.6670564 | L10: 3 | M10: 368808.6 | N10: 9709475.9 | O10: Remanescente 2 | P10: =VLOOKUP(CENSO[[#This Row],[DAP (cm)]],CD[],2,TRUE) -> TORA | Q10: =VLOOKUP(CENSO[[#This Row],[DAP (cm)]],DD[],2,TRUE) -> 70├ 80 | R10: {=INDEX(_xlfn.TEXTSPLIT(CENSO[[#This Row],[NOME CIENTIFICO]]," "),1)} -> Aspidosperma | S10: FOD | T10: =_xlfn.MINIFS(CENSO[DAP (cm)],CENSO[NOME CIENTIFICO],CENSO[[#This Row],[NOME CIENTIFICO]]) -> 47.109863 | U10: =IF( OR(CENSO[[#This Row],[GÊNERO]]="Handroanthus",CENSO[[#This Row],[GÊNERO]]="Tabebuia",CENSO[[#This Row],[GÊNERO]]="Dipteryx",CENSO[[#This Row],[GÊNERO]]="Cedrela"), IF( OR(CENSO[[#This Row],[TIPO DE VEGETAÇÃO]]="FOA",CENSO[[#This Row],[TIPO DE VEGETAÇÃO]]="FE",CENSO[[#This Row],[TIPO DE VEGETAÇÃO]]="S",CENSO[[#This Row],[TIPO DE VEGETAÇÃO]]="C"), VLOOKUP(CENSO[[#This Row],[GÊNERO]],IN[],2,FALSE), IF( CENSO[[#This Row],[TIPO DE VEGETAÇÃO]]="FOD", VLOOKUP(CENSO[[#This Row],[GÊNERO]],IN[],4,FALSE), "" ) ), IF( CENSO[[#This Row],[Dmin (cm)]]<40, 50, CENSO[[#This Row],[Dmin (cm)]]+10 ) ) -> 57.109863 | V10: =IF(CENSO[[#This Row],[DAP (cm)]]<CENSO[[#This Row],[DMCE (cm)]],"DAP < DMCE","DAP ≥ DMCE") -> DAP ≥ DMCE | W10: =IF(CENSO[[#This Row],[DAP (cm)]]>200, "Superior", "Inferior") -> Inferior | X10: =VLOOKUP(CENSO[[#This Row],[NOME COMUM]],ESPECIES[],4,FALSE) -> Não | Y10: =IF(IFERROR(VLOOKUP(CENSO[[#This Row],[NOME COMUM]],COMERCIAIS[],2, FALSE), "Não") <> "Não", "Sim", "Não") -> Não | Z10: =CENSO[[#This Row],[g (m²)]]/SUM(AEEF[AEEF-UT]) -> 0.00068619129 | AA10: =CENSO[[#This Row],[v (m³)]]/SUM(AEEF[AEEF-UT]) -> 0.0081656763
A11: 1 | B11: 1 | C11: 3 | D11: 10 | E11: =VLOOKUP(CENSO[[#This Row],[NOME COMUM]],ESPECIES[],2,FALSE) -> Licania octandra | F11: Casca Seca | G11: 165 | H11: =CENSO[[#This Row],[CAP (cm)]]/PI() -> 52.521131 | I11: 16 | J11: =(PI()*(CENSO[[#This Row],[DAP (cm)]]^2))/40000 -> 0.21664967 | K11: =CENSO[[#This Row],[g (m²)]]*CENSO[[#This Row],[H (m)]]*0.7 -> 2.4264763 | L11: 1 | M11: 368790 | N11: 9709461.1 | O11: Matriz | P11: =VLOOKUP(CENSO[[#This Row],[DAP (cm)]],CD[],2,TRUE) -> TORA | Q11: =VLOOKUP(CENSO[[#This Row],[DAP (cm)]],DD[],2,TRUE) -> 50├ 60 | R11: {=INDEX(_xlfn.TEXTSPLIT(CENSO[[#This Row],[NOME CIENTIFICO]]," "),1)} -> Licania | S11: FOD | T11: =_xlfn.MINIFS(CENSO[DAP (cm)],CENSO[NOME CIENTIFICO],CENSO[[#This Row],[NOME CIENTIFICO]]) -> 41.380285 | U11: =IF( OR(CENSO[[#This Row],[GÊNERO]]="Handroanthus",CENSO[[#This Row],[GÊNERO]]="Tabebuia",CENSO[[#This Row],[GÊNERO]]="Dipteryx",CENSO[[#This Row],[GÊNERO]]="Cedrela"), IF( OR(CENSO[[#This Row],[TIPO DE VEGETAÇÃO]]="FOA",CENSO[[#This Row],[TIPO DE VEGETAÇÃO]]="FE",CENSO[[#This Row],[TIPO DE VEGETAÇÃO]]="S",CENSO[[#This Row],[TIPO DE VEGETAÇÃO]]="C"), VLOOKUP(CENSO[[#This Row],[GÊNERO]],IN[],2,FALSE), IF( CENSO[[#This Row],[TIPO DE VEGETAÇÃO]]="FOD", VLOOKUP(CENSO[[#This Row],[GÊNERO]],IN[],4,FALSE), "" ) ), IF( CENSO[[#This Row],[Dmin (cm)]]<40, 50, CENSO[[#This Row],[Dmin (cm)]]+10 ) ) -> 51.380285 | V11: =IF(CENSO[[#This Row],[DAP (cm)]]<CENSO[[#This Row],[DMCE (cm)]],"DAP < DMCE","DAP ≥ DMCE") -> DAP ≥ DMCE | W11: =IF(CENSO[[#This Row],[DAP (cm)]]>200, "Superior", "Inferior") -> Inferior | X11: =VLOOKUP(CENSO[[#This Row],[NOME COMUM]],ESPECIES[],4,FALSE) -> Não | Y11: =IF(IFERROR(VLOOKUP(CENSO[[#This Row],[NOME COMUM]],COMERCIAIS[],2, FALSE), "Não") <> "Não", "Sim", "Não") -> Não | Z11: =CENSO[[#This Row],[g (m²)]]/SUM(AEEF[AEEF-UT]) -> 0.00037905928 | AA11: =CENSO[[#This Row],[v (m³)]]/SUM(AEEF[AEEF-UT]) -> 0.004245464
A12: 1 | B12: 1 | C12: 3 | D12: 11 | E12: =VLOOKUP(CENSO[[#This Row],[NOME COMUM]],ESPECIES[],2,FALSE) -> Matisia paraensis Huber | F12: Cupuaçurana | G12: 228 | H12: =CENSO[[#This Row],[CAP (cm)]]/PI() -> 72.574654 | I12: 17 | J12: =(PI()*(CENSO[[#This Row],[DAP (cm)]]^2))/40000 -> 0.41367553 | K12: =CENSO[[#This Row],[g (m²)]]*CENSO[[#This Row],[H (m)]]*0.7 -> 4.9227388 | L12: 2 | M12: 368791 | N12: 9709492.1 | O12: Matriz | P12: =VLOOKUP(CENSO[[#This Row],[DAP (cm)]],CD[],2,TRUE) -> TORA | Q12: =VLOOKUP(CENSO[[#This Row],[DAP (cm)]],DD[],2,TRUE) -> 70├ 80 | R12: {=INDEX(_xlfn.TEXTSPLIT(CENSO[[#This Row],[NOME CIENTIFICO]]," "),1)} -> Matisia | S12: FOD | T12: =_xlfn.MINIFS(CENSO[DAP (cm)],CENSO[NOME CIENTIFICO],CENSO[[#This Row],[NOME CIENTIFICO]]) -> 43.926764 | U12: =IF( OR(CENSO[[#This Row],[GÊNERO]]="Handroanthus",CENSO[[#This Row],[GÊNERO]]="Tabebuia",CENSO[[#This Row],[GÊNERO]]="Dipteryx",CENSO[[#This Row],[GÊNERO]]="Cedrela"), IF( OR(CENSO[[#This Row],[TIPO DE VEGETAÇÃO]]="FOA",CENSO[[#This Row],[TIPO DE VEGETAÇÃO]]="FE",CENSO[[#This Row],[TIPO DE VEGETAÇÃO]]="S",CENSO[[#This Row],[TIPO DE VEGETAÇÃO]]="C"), VLOOKUP(CENSO[[#This Row],[GÊNERO]],IN[],2,FALSE), IF( CENSO[[#This Row],[TIPO DE VEGETAÇÃO]]="FOD", VLOOKUP(CENSO[[#This Row],[GÊNERO]],IN[],4,FALSE), "" ) ), IF( CENSO[[#This Row],[Dmin (cm)]]<40, 50, CENSO[[#This Row],[Dmin (cm)]]+10 ) ) -> 53.926764 | V12: =IF(CENSO[[#This Row],[DAP (cm)]]<CENSO[[#This Row],[DMCE (cm)]],"DAP < DMCE","DAP ≥ DMCE") -> DAP ≥ DMCE | W12: =IF(CENSO[[#This Row],[DAP (cm)]]>200, "Superior", "Inferior") -> Inferior | X12: =VLOOKUP(CENSO[[#This Row],[NOME COMUM]],ESPECIES[],4,FALSE) -> Não | Y12: =IF(IFERROR(VLOOKUP(CENSO[[#This Row],[NOME COMUM]],COMERCIAIS[],2, FALSE), "Não") <> "Não", "Sim", "Não") -> Não | Z12: =CENSO[[#This Row],[g (m²)]]/SUM(AEEF[AEEF-UT]) -> 0.00072378394 | AA12: =CENSO[[#This Row],[v (m³)]]/SUM(AEEF[AEEF-UT]) -> 0.0086130289
A13: 1 | B13: 1 | C13: 3 | D13: 12 | E13: =VLOOKUP(CENSO[[#This Row],[NOME COMUM]],ESPECIES[],2,FALSE) -> Astronium lecointei Ducke | F13: Muiracatiara | G13: 300 | H13: =CENSO[[#This Row],[CAP (cm)]]/PI() -> 95.492966 | I13: 24 | J13: =(PI()*(CENSO[[#This Row],[DAP (cm)]]^2))/40000 -> 0.71619724 | K13: =CENSO[[#This Row],[g (m²)]]*CENSO[[#This Row],[H (m)]]*0.7 -> 12.032114 | L13: 1 | M13: 368771.6 | N13: 9709481.4 | O13: Matriz | P13: =VLOOKUP(CENSO[[#This Row],[DAP (cm)]],CD[],2,TRUE) -> TORA | Q13: =VLOOKUP(CENSO[[#This Row],[DAP (cm)]],DD[],2,TRUE) -> 90├ 100 | R13: {=INDEX(_xlfn.TEXTSPLIT(CENSO[[#This Row],[NOME CIENTIFICO]]," "),1)} -> Astronium | S13: FOD | T13: =_xlfn.MINIFS(CENSO[DAP (cm)],CENSO[NOME CIENTIFICO],CENSO[[#This Row],[NOME CIENTIFICO]]) -> 40.107046 | U13: =IF( OR(CENSO[[#This Row],[GÊNERO]]="Handroanthus",CENSO[[#This Row],[GÊNERO]]="Tabebuia",CENSO[[#This Row],[GÊNERO]]="Dipteryx",CENSO[[#This Row],[GÊNERO]]="Cedrela"), IF( OR(CENSO[[#This Row],[TIPO DE VEGETAÇÃO]]="FOA",CENSO[[#This Row],[TIPO DE VEGETAÇÃO]]="FE",CENSO[[#This Row],[TIPO DE VEGETAÇÃO]]="S",CENSO[[#This Row],[TIPO DE VEGETAÇÃO]]="C"), VLOOKUP(CENSO[[#This Row],[GÊNERO]],IN[],2,FALSE), IF( CENSO[[#This Row],[TIPO DE VEGETAÇÃO]]="FOD", VLOOKUP(CENSO[[#This Row],[GÊNERO]],IN[],4,FALSE), "" ) ), IF( CENSO[[#This Row],[Dmin (cm)]]<40, 50, CENSO[[#This Row],[Dmin (cm)]]+10 ) ) -> 50.107046 | V13: =IF(CENSO[[#This Row],[DAP (cm)]]<CENSO[[#This Row],[DMCE (cm)]],"DAP < DMCE","DAP ≥ DMCE") -> DAP ≥ DMCE | W13: =IF(CENSO[[#This Row],[DAP (cm)]]>200, "Superior", "Inferior") -> Inferior | X13: =VLOOKUP(CENSO[[#This Row],[NOME COMUM]],ESPECIES[],4,FALSE) -> Não | Y13: =IF(IFERROR(VLOOKUP(CENSO[[#This Row],[NOME COMUM]],COMERCIAIS[],2, FALSE), "Não") <> "Não", "Sim", "Não") -> Sim | Z13: =CENSO[[#This Row],[g (m²)]]/SUM(AEEF[AEEF-UT]) -> 0.0012530885 | AA13: =CENSO[[#This Row],[v (m³)]]/SUM(AEEF[AEEF-UT]) -> 0.021051888
... A4937: 1 | B4937: 2 | C4937: 139 | D4937: 4937 | E4937: =VLOOKUP(CENSO[[#This Row],[NOME COMUM]],ESPECIES[],2,FALSE) -> Buchenavia capitata (Vahl) Eichler | F4937: Mirindiba | G4937: 180 | H4937: =CENSO[[#This Row],[CAP (cm)]]/PI() -> 57.29578 | I4937: 17 | J4937: =(PI()*(CENSO[[#This Row],[DAP (cm)]]^2))/40000 -> 0.25783101 | K4937: =CENSO[[#This Row],[g (m²)]]*CENSO[[#This Row],[H (m)]]*0.7 -> 3.068189 | L4937: 1 | M4937: 367666.8 | N4937: 9702700.5 | O4937: Matriz | P4937: =VLOOKUP(CENSO[[#This Row],[DAP (cm)]],CD[],2,TRUE) -> TORA | Q4937: =VLOOKUP(CENSO[[#This Row],[DAP (cm)]],DD[],2,TRUE) -> 50├ 60 | R4937: {=INDEX(_xlfn.TEXTSPLIT(CENSO[[#This Row],[NOME CIENTIFICO]]," "),1)} -> Buchenavia | S4937: FOD | T4937: =_xlfn.MINIFS(CENSO[DAP (cm)],CENSO[NOME CIENTIFICO],CENSO[[#This Row],[NOME CIENTIFICO]]) -> 41.380285 | U4937: =IF( OR(CENSO[[#This Row],[GÊNERO]]="Handroanthus",CENSO[[#This Row],[GÊNERO]]="Tabebuia",CENSO[[#This Row],[GÊNERO]]="Dipteryx",CENSO[[#This Row],[GÊNERO]]="Cedrela"), IF( OR(CENSO[[#This Row],[TIPO DE VEGETAÇÃO]]="FOA",CENSO[[#This Row],[TIPO DE VEGETAÇÃO]]="FE",CENSO[[#This Row],[TIPO DE VEGETAÇÃO]]="S",CENSO[[#This Row],[TIPO DE VEGETAÇÃO]]="C"), VLOOKUP(CENSO[[#This Row],[GÊNERO]],IN[],2,FALSE), IF( CENSO[[#This Row],[TIPO DE VEGETAÇÃO]]="FOD", VLOOKUP(CENSO[[#This Row],[GÊNERO]],IN[],4,FALSE), "" ) ), IF( CENSO[[#This Row],[Dmin (cm)]]<40, 50, CENSO[[#This Row],[Dmin (cm)]]+10 ) ) -> 51.380285 | V4937: =IF(CENSO[[#This Row],[DAP (cm)]]<CENSO[[#This Row],[DMCE (cm)]],"DAP < DMCE","DAP ≥ DMCE") -> DAP ≥ DMCE | W4937: =IF(CENSO[[#This Row],[DAP (cm)]]>200, "Superior", "Inferior") -> Inferior | X4937: =VLOOKUP(CENSO[[#This Row],[NOME COMUM]],ESPECIES[],4,FALSE) -> Não | Y4937: =IF(IFERROR(VLOOKUP(CENSO[[#This Row],[NOME COMUM]],COMERCIAIS[],2, FALSE), "Não") <> "Não", "Sim", "Não") -> Não | Z4937: =CENSO[[#This Row],[g (m²)]]/SUM(AEEF[AEEF-UT]) -> 0.00045111188 | AA4937: =CENSO[[#This Row],[v (m³)]]/SUM(AEEF[AEEF-UT]) -> 0.0053682313

Sheet LISTA-ESPECIES
A1: N° UT | B1: (Tudo)
A2: COMERCIAIS | B2: (Tudo)
A4: NOME COMUM | B4: NOME CIENTIFICO | C4: CONTAGEM | D4: DMCE (cm)
A5: Abiu | B5: Pouteria caimito (Ruiz & Pav.) Radlk. | C5: 1 | D5: 66.02254
A6: Abiurana | B6: Chrysophyllum prieurii A.DC. | C6: 1 | D6: 57.746483
A7: Amapá | B7: Parahancornia amapa (Huber ) Ducke | C7: 32 | D7: 50
A8: Amarelinho | B8: Euxylophora paraensis Huber | C8: 1 | D8: 61.247892
A9: Amescla | B9: Trattinnickia lawrencei Standl. ex Sw. | C9: 7 | D9: 57.746483
A10: Anani | B10: Symphonia globulifera L.f. | C10: 2 | D10: 64.112681
A11: Angelim-Pedra | B11: Hymenolobium petraeum Ducke | C11: 39 | D11: 51.380285
A12: Angelim-Vermelho | B12: Dinizia excelsa Ducke | C12: 2 | D12: 65.70423
A13: Araracanga | B13: Aspidosperma spruceanum Benth. ex Müll.Arg. | C13: 35 | D13: 51.380285
A14: Axixá | B14: Sterculia apeibophylla Ducke | C14: 19 | D14: 50
A15: Axuá | B15: Sacoglottis guianensis Benth. | C15: 14 | D15: 57.746483
A16: Barrote | B16: Tetragastris panamensis (Engl.) Kuntze | C16: 23 | D16: 54.563384
... A102: Virola | B102: Virola sebifera Aubl. | C102: 56 | D102: 50
A103: Total Geral | C103: 4936 | D103: 50

Sheet DISTRIBUICAO-ESPECIES
A1: N° UT | B1: 1 | C1: Título = | D1: =_xlfn.CONCAT(B2, " | UT",B1, " (DMCE = ",ROUND(D2,0),")") -> Cumaru | UT1 (DMCE = 80)
A2: NOME COMUM | B2: Cumaru | C2: DMCE = | D2: =VLOOKUP(B2,Lista_Especie,4,FALSE) -> 80
A4: Rótulos de Linha | B4: Contagem de NOME COMUM
A5: 30-40 | B5: 1
A6: 40-50 | B6: 3
A7: 50-60 | B7: 6
A8: 60-70 | B8: 5
A9: 70-80 | B9: 8
A10: 80-90 | B10: 3
A11: 90-100 | B11: 2
A12: 110-120 | B12: 1
A13: 130-140 | B13: 1
A14: Total Geral | B14: 30

Sheet MANUTENCAO
A1: N° UT | B1: 2
A2: COMERCIAIS | B2: Sim
A4: Contagem de NOME COMUM | B4: Rótulos de Coluna
A5: Rótulos de Linha | B5: Explorar | C5: Matriz | D5: Remanescente | E5: Total Geral | I5: AEEF | J5: Vulnerável | K5: 3/100ha | L5: 10% | M5: 4/100ha | N5: 15% | O5: Quantas Manter? | P5: Situação
A6: Angelim-Pedra | B6: 8 | C6: 9 | D6: 1 | E6: 18 | I6: =VLOOKUP($B$1,AEEF[],2,FALSE) -> 277.2759 | J6: =VLOOKUP(A6,ESPECIES[],4,FALSE) -> Não | K6: =IF(ROUNDUP((3*MANU[[#This Row],[AEEF]])/100,0)<3,"3",ROUNDUP((3*MANU[[#This Row],[AEEF]])/100,0)) -> 9 | L6: =ROUNDUP((B6+C6)*0.1,0) -> 2 | M6: =IF(ROUNDUP((4*MANU[[#This Row],[AEEF]])/100,0)<4,"4",ROUNDUP((4*MANU[[#This Row],[AEEF]])/100,0)) -> 12 | N6: =ROUNDUP((B6+C6)*0.15,0) -> 3 | O6: =IF(MANU[[#This Row],[Vulnerável]]="Não",MAX(MANU[[#This Row],[3/100ha]:[10%]]), MAX(MANU[[#This Row],[4/100ha]:[15%]])) -> 9 | P6: =IF(MANU[[#This Row],[Quantas Manter?]]<=C6, "CJ", "DL") -> CJ
A7: Cedrarana | B7: 38 | C7: 9 | D7: 2 | E7: 49 | I7: =VLOOKUP($B$1,AEEF[],2,FALSE) -> 277.2759 | J7: =VLOOKUP(A7,ESPECIES[],4,FALSE) -> Não | K7: =IF(ROUNDUP((3*MANU[[#This Row],[AEEF]])/100,0)<3,"3",ROUNDUP((3*MANU[[#This Row],[AEEF]])/100,0)) -> 9 | L7: =ROUNDUP((B7+C7)*0.1,0) -> 5 | M7: =IF(ROUNDUP((4*MANU[[#This Row],[AEEF]])/100,0)<4,"4",ROUNDUP((4*MANU[[#This Row],[AEEF]])/100,0)) -> 12 | N7: =ROUNDUP((B7+C7)*0.15,0) -> 8 | O7: =IF(MANU[[#This Row],[Vulnerável]]="Não",MAX(MANU[[#This Row],[3/100ha]:[10%]]), MAX(MANU[[#This Row],[4/100ha]:[15%]])) -> 9 | P7: =IF(MANU[[#This Row],[Quantas Manter?]]<=C7, "CJ", "DL") -> CJ
A8: Cumaru | C8: 1 | D8: 10 | E8: 11 | I8: =VLOOKUP($B$1,AEEF[],2,FALSE) -> 277.2759 | J8: =VLOOKUP(A8,ESPECIES[],4,FALSE) -> Vulneravel | K8: =IF(ROUNDUP((3*MANU[[#This Row],[AEEF]])/100,0)<3,"3",ROUNDUP((3*MANU[[#This Row],[AEEF]])/100,0)) -> 9 | L8: =ROUNDUP((B8+C8)*0.1,0) -> 1 | M8: =IF(ROUNDUP((4*MANU[[#This Row],[AEEF]])/100,0)<4,"4",ROUNDUP((4*MANU[[#This Row],[AEEF]])/100,0)) -> 12 | N8: =ROUNDUP((B8+C8)*0.15,0) -> 1 | O8: =IF(MANU[[#This Row],[Vulnerável]]="Não",MAX(MANU[[#This Row],[3/100ha]:[10%]]), MAX(MANU[[#This Row],[4/100ha]:[15%]])) -> 12 | P8: =IF(MANU[[#This Row],[Quantas Manter?]]<=C8, "CJ", "DL") -> DL
A9: Cupiúba | B9: 157 | C9: 18 | D9: 18 | E9: 193 | I9: =VLOOKUP($B$1,AEEF[],2,FALSE) -> 277.2759 | J9: =VLOOKUP(A9,ESPECIES[],4,FALSE) -> Não | K9: =IF(ROUNDUP((3*MANU[[#This Row],[AEEF]])/100,0)<3,"3",ROUNDUP((3*MANU[[#This Row],[AEEF]])/100,0)) -> 9 | L9: =ROUNDUP((B9+C9)*0.1,0) -> 18 | M9: =IF(ROUNDUP((4*MANU[[#This Row],[AEEF]])/100,0)<4,"4",ROUNDUP((4*MANU[[#This Row],[AEEF]])/100,0)) -> 12 | N9: =ROUNDUP((B9+C9)*0.15,0) -> 27 | O9: =IF(MANU[[#This Row],[Vulnerável]]="Não",MAX(MANU[[#This Row],[3/100ha]:[10%]]), MAX(MANU[[#This Row],[4/100ha]:[15%]])) -> 18 | P9: =IF(MANU[[#This Row],[Quantas Manter?]]<=C9, "CJ", "DL") -> CJ
A10: Freijó | C10: 3 | D10: 2 | E10: 5 | I10: =VLOOKUP($B$1,AEEF[],2,FALSE) -> 277.2759 | J10: =VLOOKUP(A10,ESPECIES[],4,FALSE) -> Não | K10: =IF(ROUNDUP((3*MANU[[#This Row],[AEEF]])/100,0)<3,"3",ROUNDUP((3*MANU[[#This Row],[AEEF]])/100,0)) -> 9 | L10: =ROUNDUP((B10+C10)*0.1,0) -> 1 | M10: =IF(ROUNDUP((4*MANU[[#This Row],[AEEF]])/100,0)<4,"4",ROUNDUP((4*MANU[[#This Row],[AEEF]])/100,0)) -> 12 | N10: =ROUNDUP((B10+C10)*0.15,0) -> 1 | O10: =IF(MANU[[#This Row],[Vulnerável]]="Não",MAX(MANU[[#This Row],[3/100ha]:[10%]]), MAX(MANU[[#This Row],[4/100ha]:[15%]])) -> 9 | P10: =IF(MANU[[#This Row],[Quantas Manter?]]<=C10, "CJ", "DL") -> DL
A11: Garapa | B11: 19 | C11: 9 | D11: 2 | E11: 30 | I11: =VLOOKUP($B$1,AEEF[],2,FALSE) -> 277.2759 | J11: =VLOOKUP(A11,ESPECIES[],4,FALSE) -> Não | K11: =IF(ROUNDUP((3*MANU[[#This Row],[AEEF]])/100,0)<3,"3",ROUNDUP((3*MANU[[#This Row],[AEEF]])/100,0)) -> 9 | L11: =ROUNDUP((B11+C11)*0.1,0) -> 3 | M11: =IF(ROUNDUP((4*MANU[[#This Row],[AEEF]])/100,0)<4,"4",ROUNDUP((4*MANU[[#This Row],[AEEF]])/100,0)) -> 12 | N11: =ROUNDUP((B11+C11)*0.15,0) -> 5 | O11: =IF(MANU[[#This Row],[Vulnerável]]="Não",MAX(MANU[[#This Row],[3/100ha]:[10%]]), MAX(MANU[[#This Row],[4/100ha]:[15%]])) -> 9 | P11: =IF(MANU[[#This Row],[Quantas Manter?]]<=C11, "CJ", "DL") -> CJ
A12: Jarana | B12: 36 | C12: 9 | D12: 6 | E12: 51 | I12: =VLOOKUP($B$1,AEEF[],2,FALSE) -> 277.2759 | J12: =VLOOKUP(A12,ESPECIES[],4,FALSE) -> Não | K12: =IF(ROUNDUP((3*MANU[[#This Row],[AEEF]])/100,0)<3,"3",ROUNDUP((3*MANU[[#This Row],[AEEF]])/100,0)) -> 9 | L12: =ROUNDUP((B12+C12)*0.1,0) -> 5 | M12: =IF(ROUNDUP((4*MANU[[#This Row],[AEEF]])/100,0)<4,"4",ROUNDUP((4*MANU[[#This Row],[AEEF]])/100,0)) -> 12 | N12: =ROUNDUP((B12+C12)*0.15,0) -> 7 | O12: =IF(MANU[[#This Row],[Vulnerável]]="Não",MAX(MANU[[#This Row],[3/100ha]:[10%]]), MAX(MANU[[#This Row],[4/100ha]:[15%]])) -> 9 | P12: =IF(MANU[[#This Row],[Quantas Manter?]]<=C12, "CJ", "DL") -> CJ
A13: Jatobá | B13: 11 | C13: 9 | D13: 2 | E13: 22 | I13: =VLOOKUP($B$1,AEEF[],2,FALSE) -> 277.2759 | J13: =VLOOKUP(A13,ESPECIES[],4,FALSE) -> Não | K13: =IF(ROUNDUP((3*MANU[[#This Row],[AEEF]])/100,0)<3,"3",ROUNDUP((3*MANU[[#This Row],[AEEF]])/100,0)) -> 9 | L13: =ROUNDUP((B13+C13)*0.1,0) -> 2 | M13: =IF(ROUNDUP((4*MANU[[#This Row],[AEEF]])/100,0)<4,"4",ROUNDUP((4*MANU[[#This Row],[AEEF]])/100,0)) -> 12 | N13: =ROUNDUP((B13+C13)*0.15,0) -> 3 | O13: =IF(MANU[[#This Row],[Vulnerável]]="Não",MAX(MANU[[#This Row],[3/100ha]:[10%]]), MAX(MANU[[#This Row],[4/100ha]:[15%]])) -> 9 | P13: =IF(MANU[[#This Row],[Quantas Manter?]]<=C13, "CJ", "DL") -> CJ
A14: Louro | B14: 27 | C14: 9 | D14: 10 | E14: 46 | I14: =VLOOKUP($B$1,AEEF[],2,FALSE) -> 277.2759 | J14: =VLOOKUP(A14,ESPECIES[],4,FALSE) -> Não | K14: =IF(ROUNDUP((3*MANU[[#This Row],[AEEF]])/100,0)<3,"3",ROUNDUP((3*MANU[[#This Row],[AEEF]])/100,0)) -> 9 | L14: =ROUNDUP((B14+C14)*0.1,0) -> 4 | M14: =IF(ROUNDUP((4*MANU[[#This Row],[AEEF]])/100,0)<4,"4",ROUNDUP((4*MANU[[#This Row],[AEEF]])/100,0)) -> 12 | N14: =ROUNDUP((B14+C14)*0.15,0) -> 6 | O14: =IF(MANU[[#This Row],[Vulnerável]]="Não",MAX(MANU[[#This Row],[3/100ha]:[10%]]), MAX(MANU[[#This Row],[4/100ha]:[15%]])) -> 9 | P14: =IF(MANU[[#This Row],[Quantas Manter?]]<=C14, "CJ", "DL") -> CJ
A15: Maçaranduba | B15: 21 | C15: 9 | D15: 7 | E15: 37 | I15: =VLOOKUP($B$1,AEEF[],2,FALSE) -> 277.2759 | J15: =VLOOKUP(A15,ESPECIES[],4,FALSE) -> Não | K15: =IF(ROUNDUP((3*MANU[[#This Row],[AEEF]])/100,0)<3,"3",ROUNDUP((3*MANU[[#This Row],[AEEF]])/100,0)) -> 9 | L15: =ROUNDUP((B15+C15)*0.1,0) -> 3 | M15: =IF(ROUNDUP((4*MANU[[#This Row],[AEEF]])/100,0)<4,"4",ROUNDUP((4*MANU[[#This Row],[AEEF]])/100,0)) -> 12 | N15: =ROUNDUP((B15+C15)*0.15,0) -> 5 | O15: =IF(MANU[[#This Row],[Vulnerável]]="Não",MAX(MANU[[#This Row],[3/100ha]:[10%]]), MAX(MANU[[#This Row],[4/100ha]:[15%]])) -> 9 | P15: =IF(MANU[[#This Row],[Quantas Manter?]]<=C15, "CJ", "DL") -> CJ
A16: Muiracatiara | B16: 37 | C16: 9 | D16: 10 | E16: 56 | I16: =VLOOKUP($B$1,AEEF[],2,FALSE) -> 277.2759 | J16: =VLOOKUP(A16,ESPECIES[],4,FALSE) -> Não | K16: =IF(ROUNDUP((3*MANU[[#This Row],[AEEF]])/100,0)<3,"3",ROUNDUP((3*MANU[[#This Row],[AEEF]])/100,0)) -> 9 | L16: =ROUNDUP((B16+C16)*0.1,0) -> 5 | M16: =IF(ROUNDUP((4*MANU[[#This Row],[AEEF]])/100,0)<4,"4",ROUNDUP((4*MANU[[#This Row],[AEEF]])/100,0)) -> 12 | N16: =ROUNDUP((B16+C16)*0.15,0) -> 7 | O16: =IF(MANU[[#This Row],[Vulnerável]]="Não",MAX(MANU[[#This Row],[3/100ha]:[10%]]), MAX(MANU[[#This Row],[4/100ha]:[15%]])) -> 9 | P16: =IF(MANU[[#This Row],[Quantas Manter?]]<=C16, "CJ", "DL") -> CJ
A17: Orelha-De-Macaco | B17: 33 | C17: 9 | D17: 1 | E17: 43 | I17: =VLOOKUP($B$1,AEEF[],2,FALSE) -> 277.2759 | J17: =VLOOKUP(A17,ESPECIES[],4,FALSE) -> Não | K17: =IF(ROUNDUP((3*MANU[[#This Row],[AEEF]])/100,0)<3,"3",ROUNDUP((3*MANU[[#This Row],[AEEF]])/100,0)) -> 9 | L17: =ROUNDUP((B17+C17)*0.1,0) -> 5 | M17: =IF(ROUNDUP((4*MANU[[#This Row],[AEEF]])/100,0)<4,"4",ROUNDUP((4*MANU[[#This Row],[AEEF]])/100,0)) -> 12 | N17: =ROUNDUP((B17+C17)*0.15,0) -> 7 | O17: =IF(MANU[[#This Row],[Vulnerável]]="Não",MAX(MANU[[#This Row],[3/100ha]:[10%]]), MAX(MANU[[#This Row],[4/100ha]:[15%]])) -> 9 | P17: =IF(MANU[[#This Row],[Quantas Manter?]]<=C17, "CJ", "DL") -> CJ
A18: Pequi | B18: 18 | C18: 9 | D18: 3 | E18: 30 | I18: =VLOOKUP($B$1,AEEF[],2,FALSE) -> 277.2759 | J18: =VLOOKUP(A18,ESPECIES[],4,FALSE) -> Não | K18: =IF(ROUNDUP((3*MANU[[#This Row],[AEEF]])/100,0)<3,"3",ROUNDUP((3*MANU[[#This Row],[AEEF]])/100,0)) -> 9 | L18: =ROUNDUP((B18+C18)*0.1,0) -> 3 | M18: =IF(ROUNDUP((4*MANU[[#This Row],[AEEF]])/100,0)<4,"4",ROUNDUP((4*MANU[[#This Row],[AEEF]])/100,0)) -> 12 | N18: =ROUNDUP((B18+C18)*0.15,0) -> 5 | O18: =IF(MANU[[#This Row],[Vulnerável]]="Não",MAX(MANU[[#This Row],[3/100ha]:[10%]]), MAX(MANU[[#This Row],[4/100ha]:[15%]])) -> 9 | P18: =IF(MANU[[#This Row],[Quantas Manter?]]<=C18, "CJ", "DL") -> CJ
A19: Quarubarana | B19: 63 | C19: 9 | D19: 2 | E19: 74 | I19: =VLOOKUP($B$1,AEEF[],2,FALSE) -> 277.2759 | J19: =VLOOKUP(A19,ESPECIES[],4,FALSE) -> Não | K19: =IF(ROUNDUP((3*MANU[[#This Row],[AEEF]])/100,0)<3,"3",ROUNDUP((3*MANU[[#This Row],[AEEF]])/100,0)) -> 9 | L19: =ROUNDUP((B19+C19)*0.1,0) -> 8 | M19: =IF(ROUNDUP((4*MANU[[#This Row],[AEEF]])/100,0)<4,"4",ROUNDUP((4*MANU[[#This Row],[AEEF]])/100,0)) -> 12 | N19: =ROUNDUP((B19+C19)*0.15,0) -> 11 | O19: =IF(MANU[[#This Row],[Vulnerável]]="Não",MAX(MANU[[#This Row],[3/100ha]:[10%]]), MAX(MANU[[#This Row],[4/100ha]:[15%]])) -> 9 | P19: =IF(MANU[[#This Row],[Quantas Manter?]]<=C19, "CJ", "DL") -> CJ
A20: Sapucaia | B20: 8 | C20: 9 | E20: 17 | I20: =VLOOKUP($B$1,AEEF[],2,FALSE) -> 277.2759 | J20: =VLOOKUP(A20,ESPECIES[],4,FALSE) -> Não | K20: =IF(ROUNDUP((3*MANU[[#This Row],[AEEF]])/100,0)<3,"3",ROUNDUP((3*MANU[[#This Row],[AEEF]])/100,0)) -> 9 | L20: =ROUNDUP((B20+C20)*0.1,0) -> 2 | M20: =IF(ROUNDUP((4*MANU[[#This Row],[AEEF]])/100,0)<4,"4",ROUNDUP((4*MANU[[#This Row],[AEEF]])/100,0)) -> 12 | N20: =ROUNDUP((B20+C20)*0.15,0) -> 3 | O20: =IF(MANU[[#This Row],[Vulnerável]]="Não",MAX(MANU[[#This Row],[3/100ha]:[10%]]), MAX(MANU[[#This Row],[4/100ha]:[15%]])) -> 9 | P20: =IF(MANU[[#This Row],[Quantas Manter?]]<=C20, "CJ", "DL") -> CJ
A21: Tamburi | B21: 22 | C21: 9 | D21: 1 | E21: 32 | I21: =VLOOKUP($B$1,AEEF[],2,FALSE) -> 277.2759 | J21: =VLOOKUP(A21,ESPECIES[],4,FALSE) -> Não | K21: =IF(ROUNDUP((3*MANU[[#This Row],[AEEF]])/100,0)<3,"3",ROUNDUP((3*MANU[[#This Row],[AEEF]])/100,0)) -> 9 | L21: =ROUNDUP((B21+C21)*0.1,0) -> 4 | M21: =IF(ROUNDUP((4*MANU[[#This Row],[AEEF]])/100,0)<4,"4",ROUNDUP((4*MANU[[#This Row],[AEEF]])/100,0)) -> 12 | N21: =ROUNDUP((B21+C21)*0.15,0) -> 5 | O21: =IF(MANU[[#This Row],[Vulnerável]]="Não",MAX(MANU[[#This Row],[3/100ha]:[10%]]), MAX(MANU[[#This Row],[4/100ha]:[15%]])) -> 9 | P21: =IF(MANU[[#This Row],[Quantas Manter?]]<=C21, "CJ", "DL") -> CJ
A22: Tauari | B22: 201 | C22: 23 | D22: 37 | E22: 261 | I22: =VLOOKUP($B$1,AEEF[],2,FALSE) -> 277.2759 | J22: =VLOOKUP(A22,ESPECIES[],4,FALSE) -> Não | K22: =IF(ROUNDUP((3*MANU[[#This Row],[AEEF]])/100,0)<3,"3",ROUNDUP((3*MANU[[#This Row],[AEEF]])/100,0)) -> 9 | L22: =ROUNDUP((B22+C22)*0.1,0) -> 23 | M22: =IF(ROUNDUP((4*MANU[[#This Row],[AEEF]])/100,0)<4,"4",ROUNDUP((4*MANU[[#This Row],[AEEF]])/100,0)) -> 12 | N22: =ROUNDUP((B22+C22)*0.15,0) -> 34 | O22: =IF(MANU[[#This Row],[Vulnerável]]="Não",MAX(MANU[[#This Row],[3/100ha]:[10%]]), MAX(MANU[[#This Row],[4/100ha]:[15%]])) -> 23 | P22: =IF(MANU[[#This Row],[Quantas Manter?]]<=C22, "CJ", "DL") -> CJ
A23: Taxi | B23: 243 | C23: 28 | D23: 11 | E23: 282 | I23: =VLOOKUP($B$1,AEEF[],2,FALSE) -> 277.2759 | J23: =VLOOKUP(A23,ESPECIES[],4,FALSE) -> Não | K23: =IF(ROUNDUP((3*MANU[[#This Row],[AEEF]])/100,0)<3,"3",ROUNDUP((3*MANU[[#This Row],[AEEF]])/100,0)) -> 9 | L23: =ROUNDUP((B23+C23)*0.1,0) -> 28 | M23: =IF(ROUNDUP((4*MANU[[#This Row],[AEEF]])/100,0)<4,"4",ROUNDUP((4*MANU[[#This Row],[AEEF]])/100,0)) -> 12 | N23: =ROUNDUP((B23+C23)*0.15,0) -> 41 | O23: =IF(MANU[[#This Row],[Vulnerável]]="Não",MAX(MANU[[#This Row],[3/100ha]:[10%]]), MAX(MANU[[#This Row],[4/100ha]:[15%]])) -> 28 | P23: =IF(MANU[[#This Row],[Quantas Manter?]]<=C23, "CJ", "DL") -> CJ
A24: Timborana | B24: 160 | C24: 18 | D24: 25 | E24: 203 | I24: =VLOOKUP($B$1,AEEF[],2,FALSE) -> 277.2759 | J24: =VLOOKUP(A24,ESPECIES[],4,FALSE) -> Não | K24: =IF(ROUNDUP((3*MANU[[#This Row],[AEEF]])/100,0)<3,"3",ROUNDUP((3*MANU[[#This Row],[AEEF]])/100,0)) -> 9 | L24: =ROUNDUP((B24+C24)*0.1,0) -> 18 | M24: =IF(ROUNDUP((4*MANU[[#This Row],[AEEF]])/100,0)<4,"4",ROUNDUP((4*MANU[[#This Row],[AEEF]])/100,0)) -> 12 | N24: =ROUNDUP((B24+C24)*0.15,0) -> 27 | O24: =IF(MANU[[#This Row],[Vulnerável]]="Não",MAX(MANU[[#This Row],[3/100ha]:[10%]]), MAX(MANU[[#This Row],[4/100ha]:[15%]])) -> 18 | P24: =IF(MANU[[#This Row],[Quantas Manter?]]<=C24, "CJ", "DL") -> CJ
A25: Total Geral | B25: 1102 | C25: 208 | D25: 150 | E25: 1460

Sheet EXPLORAR
A1: N° UT | B1: (Tudo)
A2: CATEGORIA | B2: Explorar
A4: NOME CIENTIFICO | B4: NOME COMUM | C4: INDIVÍDUOS | D4: v (m³/ha) | E4: v (m³)
A5: Apuleia leiocarpa (Vogel) J.F.Macbr. | B5: Garapa | C5: 90 | D5: 1.5371609 | E5: 878.55754
A6: Astronium lecointei Ducke | B6: Muiracatiara | C6: 134 | D6: 1.8541445 | E6: 1059.7281
A7: Caryocar villosum (Aubl.) Pers. | B7: Pequi | C7: 18 | D7: 0.420913 | E7: 240.57097
A8: Cedrelinga catenaeformis Ducke | B8: Cedrarana | C8: 70 | D8: 2.2961672 | E8: 1312.3643
A9: Cordia goeldiana Huber | B9: Freijó | C9: 4 | D9: 0.045754894 | E9: 26.151008
A10: Couratari guianensis Aubl. | B10: Tauari | C10: 420 | D10: 5.7303119 | E10: 3275.1346
A11: Enterolobium contortisiliquum (Vell.) Morong | B11: Tamburi | C11: 31 | D11: 0.7162553 | E11: 409.37256
A12: Erisma uncinatum Warm. | B12: Quarubarana | C12: 63 | D12: 1.5353397 | E12: 877.51667
A13: Goupia glabra Aubl. | B13: Cupiúba | C13: 157 | D13: 2.2769967 | E13: 1301.4075
A14: Hymenaea courbaril L. | B14: Jatobá | C14: 42 | D14: 0.74631095 | E14: 426.55074
A15: Hymenolobium petraeum Ducke | B15: Angelim-Pedra | C15: 19 | D15: 0.36986272 | E15: 211.39341
A16: Lecythis chartacea O.Berg | B16: Jarana | C16: 95 | D16: 1.2135958 | E16: 693.62534
... A22: Tachigali myrmecophila Ducke | B22: Taxi | C22: 481 | D22: 4.82149 | E22: 2755.7014
A23: Total Geral | C23: 2212 | D23: 29.994522 | E23: 17143.237

Sheet  MODELO-1-P
A1: N° UT | B1: (Tudo) | F1: N° UT | G1: (Tudo)
A2: COMERCIAIS | B2: (Tudo) | F2: COMERCIAIS | G2: (Tudo)
B4: Rótulos de Coluna | G4: Rótulos de Coluna | K4: Espécie | L4: DAP < DMCE | N4: DAP ≥ DMCE | P4: Total
A5: Rótulos de Linha | B5: DAP < DMCE | C5: DAP ≥ DMCE | D5: Total Geral | F5: Rótulos de Linha | G5: DAP < DMCE | H5: DAP ≥ DMCE | I5: Total Geral | L5: Subtotal | M5: % | N5: Subtotal | O5: %
A6: Abiu | F6: Abiu | K6: =A6 -> Abiu
A7: N | B7: 1 | D7: 1 | F7: N | G7: 1 | H7: 0 | I7: 1 | K7: =A7 -> N | L7: =B7 -> 1 | M7: =G7 -> 1 | N7: =C7 -> 0 | O7: =H7 -> 0 | P7: =D7 -> 1
A8: G | B8: 0.00043128523 | D8: 0.00043128523 | F8: G | G8: 1 | H8: 0 | I8: 1 | K8: =A8 -> G | L8: =B8 -> 0.00043128523 | M8: =G8 -> 1 | N8: =C8 -> 0 | O8: =H8 -> 0 | P8: =D8 -> 0.00043128523
A9: V | B9: 2.7607908 | D9: 2.7607908 | F9: V | G9: 1 | H9: 0 | I9: 1 | K9: =A9 -> V | L9: =B9 -> 2.7607908 | M9: =G9 -> 1 | N9: =C9 -> 0 | O9: =H9 -> 0 | P9: =D9 -> 2.7607908
A10: Abiurana | F10: Abiurana | K10: =A10 -> Abiurana
A11: N | B11: 1 | D11: 1 | F11: N | G11: 1 | H11: 0 | I11: 1 | K11: =A11 -> N | L11: =B11 -> 1 | M11: =G11 -> 1 | N11: =C11 -> 0 | O11: =H11 -> 0 | P11: =D11 -> 1
A12: G | B12: 0.00031327214 | D12: 0.00031327214 | F12: G | G12: 1 | H12: 0 | I12: 1 | K12: =A12 -> G | L12: =B12 -> 0.00031327214 | M12: =G12 -> 1 | N12: =C12 -> 0 | O12: =H12 -> 0 | P12: =D12 -> 0.00031327214
A13: V | B13: 2.1306868 | D13: 2.1306868 | F13: V | G13: 1 | H13: 0 | I13: 1 | K13: =A13 -> V | L13: =B13 -> 2.1306868 | M13: =G13 -> 1 | N13: =C13 -> 0 | O13: =H13 -> 0 | P13: =D13 -> 2.1306868
A14: Amapá | F14: Amapá | K14: =A14 -> Amapá
A15: N | B15: 6 | C15: 26 | D15: 32 | F15: N | G15: 0.1875 | H15: 0.8125 | I15: 1 | K15: =A15 -> N | L15: =B15 -> 6 | M15: =G15 -> 0.1875 | N15: =C15 -> 26 | O15: =H15 -> 0.8125 | P15: =D15 -> 32
A16: G | B16: 0.0015552639 | C16: 0.032576988 | D16: 0.034132252 | F16: G | G16: 0.045565815 | H16: 0.95443419 | I16: 1 | K16: =A16 -> G | L16: =B16 -> 0.0015552639 | M16: =G16 -> 0.045565815 | N16: =C16 -> 0.032576988 | O16: =H16 -> 0.95443419 | P16: =D16 -> 0.034132252
A17: V | B17: 8.3539578 | C17: 267.4762 | D17: 275.83016 | F17: V | G17: 0.0302866 | H17: 0.9697134 | I17: 1 | K17: =A17 -> V | L17: =B17 -> 8.3539578 | M17: =G17 -> 0.0302866 | N17: =C17 -> 267.4762 | O17: =H17 -> 0.9697134 | P17: =D17 -> 275.83016
A18: Amarelinho | F18: Amarelinho | K18: =A18 -> Amarelinho
A19: N | B19: 1 | D19: 1 | F19: N | G19: 1 | H19: 0 | I19: 1 | K19: =A19 -> N | L19: =B19 -> 1 | M19: =G19 -> 1 | N19: =C19 -> 0 | O19: =H19 -> 0 | P19: =D19 -> 1
A20: G | B20: 0.00036090342 | D20: 0.00036090342 | F20: G | G20: 1 | H20: 0 | I20: 1 | K20: =A20 -> G | L20: =B20 -> 0.00036090342 | M20: =G20 -> 1 | N20: =C20 -> 0 | O20: =H20 -> 0 | P20: =D20 -> 0.00036090342
A21: V | B21: 2.4546459 | D21: 2.4546459 | F21: V | G21: 1 | H21: 0 | I21: 1 | K21: =A21 -> V | L21: =B21 -> 2.4546459 | M21: =G21 -> 1 | N21: =C21 -> 0 | O21: =H21 -> 0 | P21: =D21 -> 2.4546459
A22: Amescla | F22: Amescla | K22: =A22 -> Amescla
A23: N | B23: 1 | C23: 6 | D23: 7 | F23: N | G23: 0.14285714 | H23: 0.85714286 | I23: 1 | K23: =A23 -> N | L23: =B23 -> 1 | M23: =G23 -> 0.14285714 | N23: =C23 -> 6 | O23: =H23 -> 0.85714286 | P23: =D23 -> 7
A24: G | B24: 0.00031327214 | C24: 0.0052878805 | D24: 0.0056011526 | F24: G | G24: 0.055929941 | H24: 0.94407006 | I24: 1 | K24: =A24 -> G | L24: =B24 -> 0.00031327214 | M24: =G24 -> 0.055929941 | N24: =C24 -> 0.0052878805 | O24: =H24 -> 0.94407006 | P24: =D24 -> 0.0056011526
A25: V | B25: 1.7546832 | C25: 40.510963 | D25: 42.265646 | F25: V | G25: 0.041515591 | H25: 0.95848441 | I25: 1 | K25: =A25 -> V | L25: =B25 -> 1.7546832 | M25: =G25 -> 0.041515591 | N25: =C25 -> 40.510963 | O25: =H25 -> 0.95848441 | P25: =D25 -> 42.265646
A26: Anani | F26: Anani | K26: =A26 -> Anani
A27: N | B27: 2 | D27: 2 | F27: N | G27: 1 | H27: 0 | I27: 1 | K27: =A27 -> N | L27: =B27 -> 2 | M27: =G27 -> 1 | N27: =C27 -> 0 | O27: =H27 -> 0 | P27: =D27 -> 2
A28: G | B28: 0.00090500839 | D28: 0.00090500839 | F28: G | G28: 1 | H28: 0 | I28: 1 | K28: =A28 -> G | L28: =B28 -> 0.00090500839 | M28: =G28 -> 1 | N28: =C28 -> 0 | O28: =H28 -> 0 | P28: =D28 -> 0.00090500839
A29: V | B29: 6.5173949 | D29: 6.5173949 | F29: V | G29: 1 | H29: 0 | I29: 1 | K29: =A29 -> V | L29: =B29 -> 6.5173949 | M29: =G29 -> 1 | N29: =C29 -> 0 | O29: =H29 -> 0 | P29: =D29 -> 6.5173949
A30: Angelim-Pedra | F30: Angelim-Pedra | K30: =A30 -> Angelim-Pedra
A31: N | B31: 2 | C31: 37 | D31: 39 | F31: N | G31: 0.051282051 | H31: 0.94871795 | I31: 1 | K31: =A31 -> N | L31: =B31 -> 2 | M31: =G31 -> 0.051282051 | N31: =C31 -> 37 | O31: =H31 -> 0.94871795 | P31: =D31 -> 39
A32: G | B32: 0.00047060436 | C32: 0.048534347 | D32: 0.049004951 | F32: G | G32: 0.0096032003 | H32: 0.9903968 | I32: 1 | K32: =A32 -> G | L32: =B32 -> 0.00047060436 | M32: =G32 -> 0.0096032003 | N32: =C32 -> 0.048534347 | O32: =H32 -> 0.9903968 | P32: =D32 -> 0.049004951
A33: V | B33: 2.3535037 | C33: 404.93997 | D33: 407.29348 | F33: V | G33: 0.0057783978 | H33: 0.9942216 | I33: 1 | K33: =A33 -> V | L33: =B33 -> 2.3535037 | M33: =G33 -> 0.0057783978 | N33: =C33 -> 404.93997 | O33: =H33 -> 0.9942216 | P33: =D33 -> 407.29348
A34: Angelim-Vermelho | F34: Angelim-Vermelho | K34: =A34 -> Angelim-Vermelho
A35: N | B35: 1 | C35: 1 | D35: 2 | F35: N | G35: 0.5 | H35: 0.5 | I35: 1 | K35: =A35 -> N | L35: =B35 -> 1 | M35: =G35 -> 0.5 | N35: =C35 -> 1 | O35: =H35 -> 0.5 | P35: =D35 -> 2
A36: G | B36: 0.00042639819 | C36: 0.0014079703 | D36: 0.0018343685 | F36: G | G36: 0.23244958 | H36: 0.76755042 | I36: 1 | K36: =A36 -> G | L36: =B36 -> 0.00042639819 | M36: =G36 -> 0.23244958 | N36: =C36 -> 0.0014079703 | O36: =H36 -> 0.76755042 | P36: =D36 -> 0.0018343685
A37: V | B37: 2.5589131 | C37: 11.266069 | D37: 13.824982 | F37: V | G37: 0.18509341 | H37: 0.81490659 | I37: 1 | K37: =A37 -> V | L37: =B37 -> 2.5589131 | M37: =G37 -> 0.18509341 | N37: =C37 -> 11.266069 | O37: =H37 -> 0.81490659 | P37: =D37 -> 13.824982
A38: Araracanga | F38: Araracanga | K38: =A38 -> Araracanga
A39: N | B39: 8 | C39: 27 | D39: 35 | F39: N | G39: 0.22857143 | H39: 0.77142857 | I39: 1 | K39: =A39 -> N | L39: =B39 -> 8 | M39: =G39 -> 0.22857143 | N39: =C39 -> 27 | O39: =H39 -> 0.77142857 | P39: =D39 -> 35
A40: G | B40: 0.0024199228 | C40: 0.019154948 | D40: 0.021574871 | F40: G | G40: 0.11216395 | H40: 0.88783605 | I40: 1 | K40: =A40 -> G | L40: =B40 -> 0.0024199228 | M40: =G40 -> 0.11216395 | N40: =C40 -> 0.019154948 | O40: =H40 -> 0.88783605 | P40: =D40 -> 0.021574871
A41: V | B41: 16.144245 | C41: 148.33113 | D41: 164.47538 | F41: V | G41: 0.098155995 | H41: 0.901844 | I41: 1 | K41: =A41 -> V | L41: =B41 -> 16.144245 | M41: =G41 -> 0.098155995 | N41: =C41 -> 148.33113 | O41: =H41 -> 0.901844 | P41: =D41 -> 164.47538
A42: Axixá | F42: Axixá | K42: =A42 -> Axixá
A43: N | B43: 3 | C43: 16 | D43: 19 | F43: N | G43: 0.15789474 | H43: 0.84210526 | I43: 1 | K43: =A43 -> N | L43: =B43 -> 3 | M43: =G43 -> 0.15789474 | N43: =C43 -> 16 | O43: =H43 -> 0.84210526 | P43: =D43 -> 19
A44: G | B44: 0.00083377727 | C44: 0.0079427992 | D44: 0.0087765765 | F44: G | G44: 0.095000286 | H44: 0.90499971 | I44: 1 | K44: =A44 -> G | L44: =B44 -> 0.00083377727 | M44: =G44 -> 0.095000286 | N44: =C44 -> 0.0079427992 | O44: =H44 -> 0.90499971 | P44: =D44 -> 0.0087765765
A45: V | B45: 5.6322993 | C45: 57.01939 | D45: 62.65169 | F45: V | G45: 0.089898601 | H45: 0.9101014 | I45: 1 | K45: =A45 -> V | L45: =B45 -> 5.6322993 | M45: =G45 -> 0.089898601 | N45: =C45 -> 57.01939 | O45: =H45 -> 0.9101014 | P45: =D45 -> 62.65169
A46: Axuá | F46: Axuá | K46: =A46 -> Axuá
A47: N | B47: 5 | C47: 9 | D47: 14 | F47: N | G47: 0.35714286 | H47: 0.64285714 | I47: 1 | K47: =A47 -> N | L47: =B47 -> 5 | M47: =G47 -> 0.35714286 | N47: =C47 -> 9 | O47: =H47 -> 0.64285714 | P47: =D47 -> 14
A48: G | B48: 0.0018989304 | C48: 0.0077115487 | D48: 0.0096104791 | F48: G | G48: 0.19758957 | H48: 0.80241043 | I48: 1 | K48: =A48 -> G | L48: =B48 -> 0.0018989304 | M48: =G48 -> 0.19758957 | N48: =C48 -> 0.0077115487 | O48: =H48 -> 0.80241043 | P48: =D48 -> 0.0096104791
A49: V | B49: 11.238039 | C49: 47.858935 | D49: 59.096974 | F49: V | G49: 0.19016268 | H49: 0.80983732 | I49: 1 | K49: =A49 -> V | L49: =B49 -> 11.238039 | M49: =G49 -> 0.19016268 | N49: =C49 -> 47.858935 | O49: =H49 -> 0.80983732 | P49: =D49 -> 59.096974
A50: Barrote | F50: Barrote | K50: =A50 -> Barrote
A51: N | B51: 8 | C51: 15 | D51: 23 | F51: N | G51: 0.34782609 | H51: 0.65217391 | I51: 1 | K51: =A51 -> N | L51: =B51 -> 8 | M51: =G51 -> 0.34782609 | N51: =C51 -> 15 | O51: =H51 -> 0.65217391 | P51: =D51 -> 23
A52: G | B52: 0.0026959504 | C52: 0.0083675962 | D52: 0.011063547 | F52: G | G52: 0.24367868 | H52: 0.75632132 | I52: 1 | K52: =A52 -> G | L52: =B52 -> 0.0026959504 | M52: =G52 -> 0.24367868 | N52: =C52 -> 0.0083675962 | O52: =H52 -> 0.75632132 | P52: =D52 -> 0.011063547
A53: V | B53: 14.336364 | C53: 44.863123 | D53: 59.199487 | F53: V | G53: 0.24217041 | H53: 0.75782959 | I53: 1 | K53: =A53 -> V | L53: =B53 -> 14.336364 | M53: =G53 -> 0.24217041 | N53: =C53 -> 44.863123 | O53: =H53 -> 0.75782959 | P53: =D53 -> 59.199487
A54: Breu | F54: Breu | K54: =A54 -> Breu
A55: N | B55: 9 | C55: 30 | D55: 39 | F55: N | G55: 0.23076923 | H55: 0.76923077 | I55: 1 | K55: =A55 -> N | L55: =B55 -> 9 | M55: =G55 -> 0.23076923 | N55: =C55 -> 30 | O55: =H55 -> 0.76923077 | P55: =D55 -> 39
A56: G | B56: 0.0026206119 | C56: 0.034127142 | D56: 0.036747754 | F56: G | G56: 0.071313525 | H56: 0.92868647 | I56: 1 | K56: =A56 -> G | L56: =B56 -> 0.0026206119 | M56: =G56 -> 0.071313525 | N56: =C56 -> 0.034127142 | O56: =H56 -> 0.92868647 | P56: =D56 -> 0.036747754
A57: V | B57: 14.513626 | C57: 266.2465 | D57: 280.76013 | F57: V | G57: 0.051694042 | H57: 0.94830596 | I57: 1 | K57: =A57 -> V | L57: =B57 -> 14.513626 | M57: =G57 -> 0.051694042 | N57: =C57 -> 266.2465 | O57: =H57 -> 0.94830596 | P57: =D57 -> 280.76013
A58: Bucheira | F58: Bucheira | K58: =A58 -> Bucheira
A59: N | B59: 1 | D59: 1 | F59: N | G59: 1 | H59: 0 | I59: 1 | K59: =A59 -> N | L59: =B59 -> 1 | M59: =G59 -> 1 | N59: =C59 -> 0 | O59: =H59 -> 0 | P59: =D59 -> 1
A60: G | B60: 0.00055692824 | D60: 0.00055692824 | F60: G | G60: 1 | H60: 0 | I60: 1 | K60: =A60 -> G | L60: =B60 -> 0.00055692824 | M60: =G60 -> 1 | N60: =C60 -> 0 | O60: =H60 -> 0 | P60: =D60 -> 0.00055692824
A61: V | B61: 2.89662 | D61: 2.89662 | F61: V | G61: 1 | H61: 0 | I61: 1 | K61: =A61 -> V | L61: =B61 -> 2.89662 | M61: =G61 -> 1 | N61: =C61 -> 0 | O61: =H61 -> 0 | P61: =D61 -> 2.89662
A62: Burra-Leiteira | F62: Burra-Leiteira | K62: =A62 -> Burra-Leiteira
A63: N | B63: 1 | C63: 1 | D63: 2 | F63: N | G63: 0.5 | H63: 0.5 | I63: 1 | K63: =A63 -> N | L63: =B63 -> 1 | M63: =G63 -> 0.5 | N63: =C63 -> 1 | O63: =H63 -> 0.5 | P63: =D63 -> 2
A64: G | B64: 0.00028074753 | C64: 0.00055692824 | D64: 0.00083767577 | F64: G | G64: 0.33515059 | H64: 0.66484941 | I64: 1 | K64: =A64 -> G | L64: =B64 -> 0.00028074753 | M64: =G64 -> 0.33515059 | N64: =C64 -> 0.00055692824 | O64: =H64 -> 0.66484941 | P64: =D64 -> 0.00083767577
A65: V | B65: 1.6848301 | C65: 3.5650707 | D65: 5.2499009 | F65: V | G65: 0.32092609 | H65: 0.67907391 | I65: 1 | K65: =A65 -> V | L65: =B65 -> 1.6848301 | M65: =G65 -> 0.32092609 | N65: =C65 -> 3.5650707 | O65: =H65 -> 0.67907391 | P65: =D65 -> 5.2499009
A66: Cajá | F66: Cajá | K66: =A66 -> Cajá
A67: N | B67: 1 | D67: 1 | F67: N | G67: 1 | H67: 0 | I67: 1 | K67: =A67 -> N | L67: =B67 -> 1 | M67: =G67 -> 1 | N67: =C67 -> 0 | O67: =H67 -> 0 | P67: =D67 -> 1
A68: G | B68: 0.0021177196 | D68: 0.0021177196 | F68: G | G68: 1 | H68: 0 | I68: 1 | K68: =A68 -> G | L68: =B68 -> 0.0021177196 | M68: =G68 -> 1 | N68: =C68 -> 0 | O68: =H68 -> 0 | P68: =D68 -> 0.0021177196
A69: V | B69: 11.861659 | D69: 11.861659 | F69: V | G69: 1 | H69: 0 | I69: 1 | K69: =A69 -> V | L69: =B69 -> 11.861659 | M69: =G69 -> 1 | N69: =C69 -> 0 | O69: =H69 -> 0 | P69: =D69 -> 11.861659
A70: Cajuaçu | F70: Cajuaçu | K70: =A70 -> Cajuaçu
A71: N | B71: 6 | C71: 17 | D71: 23 | F71: N | G71: 0.26086957 | H71: 0.73913043 | I71: 1 | K71: =A71 -> N | L71: =B71 -> 6 | M71: =G71 -> 0.26086957 | N71: =C71 -> 17 | O71: =H71 -> 0.73913043 | P71: =D71 -> 23
A72: G | B72: 0.0031766491 | C72: 0.020907838 | D72: 0.024084487 | F72: G | G72: 0.13189606 | H72: 0.86810394 | I72: 1 | K72: =A72 -> G | L72: =B72 -> 0.0031766491 | M72: =G72 -> 0.13189606 | N72: =C72 -> 0.020907838 | O72: =H72 -> 0.86810394 | P72: =D72 -> 0.024084487
A73: V | B73: 22.365761 | C73: 151.69745 | D73: 174.06321 | F73: V | G73: 0.12849217 | H73: 0.87150783 | I73: 1 | K73: =A73 -> V | L73: =B73 -> 22.365761 | M73: =G73 -> 0.12849217 | N73: =C73 -> 151.69745 | O73: =H73 -> 0.87150783 | P73: =D73 -> 174.06321
A74: Camurim | F74: Camurim | K74: =A74 -> Camurim
A75: N | B75: 2 | D75: 2 | F75: N | G75: 1 | H75: 0 | I75: 1 | K75: =A75 -> N | L75: =B75 -> 2 | M75: =G75 -> 1 | N75: =C75 -> 0 | O75: =H75 -> 0 | P75: =D75 -> 2
A76: G | B76: 0.00080476131 | D76: 0.00080476131 | F76: G | G76: 1 | H76: 0 | I76: 1 | K76: =A76 -> G | L76: =B76 -> 0.00080476131 | M76: =G76 -> 1 | N76: =C76 -> 0 | O76: =H76 -> 0 | P76: =D76 -> 0.00080476131
A77: V | B77: 5.4734976 | D77: 5.4734976 | F77: V | G77: 1 | H77: 0 | I77: 1 | K77: =A77 -> V | L77: =B77 -> 5.4734976 | M77: =G77 -> 1 | N77: =C77 -> 0 | O77: =H77 -> 0 | P77: =D77 -> 5.4734976
A78: Carapanaúba | F78: Carapanaúba | K78: =A78 -> Carapanaúba
A79: N | B79: 5 | C79: 32 | D79: 37 | F79: N | G79: 0.13513514 | H79: 0.86486486 | I79: 1 | K79: =A79 -> N | L79: =B79 -> 5 | M79: =G79 -> 0.13513514 | N79: =C79 -> 32 | O79: =H79 -> 0.86486486 | P79: =D79 -> 37
A80: G | B80: 0.0019623088 | C80: 0.038055812 | D80: 0.040018121 | F80: G | G80: 0.049035507 | H80: 0.95096449 | I80: 1 | K80: =A80 -> G | L80: =B80 -> 0.0019623088 | M80: =G80 -> 0.049035507 | N80: =C80 -> 0.038055812 | O80: =H80 -> 0.95096449 | P80: =D80 -> 0.040018121
A81: V | B81: 10.865299 | C81: 294.82778 | D81: 305.69308 | F81: V | G81: 0.035543164 | H81: 0.96445684 | I81: 1 | K81: =A81 -> V | L81: =B81 -> 10.865299 | M81: =G81 -> 0.035543164 | N81: =C81 -> 294.82778 | O81: =H81 -> 0.96445684 | P81: =D81 -> 305.69308
A82: Casca Seca | F82: Casca Seca | K82: =A82 -> Casca Seca
A83: N | B83: 1 | C83: 13 | D83: 14 | F83: N | G83: 0.071428571 | H83: 0.92857143 | I83: 1 | K83: =A83 -> N | L83: =B83 -> 1 | M83: =G83 -> 0.071428571 | N83: =C83 -> 13 | O83: =H83 -> 0.92857143 | P83: =D83 -> 14
A84: G | B84: 0.00023530218 | C84: 0.0092009419 | D84: 0.0094362441 | F84: G | G84: 0.024936 | H84: 0.975064 | I84: 1 | K84: =A84 -> G | L84: =B84 -> 0.00023530218 | M84: =G84 -> 0.024936 | N84: =C84 -> 0.0092009419 | O84: =H84 -> 0.975064 | P84: =D84 -> 0.0094362441
A85: V | B85: 1.4121022 | C85: 68.903994 | D85: 70.316096 | F85: V | G85: 0.020082205 | H85: 0.9799178 | I85: 1 | K85: =A85 -> V | L85: =B85 -> 1.4121022 | M85: =G85 -> 0.020082205 | N85: =C85 -> 68.903994 | O85: =H85 -> 0.9799178 | P85: =D85 -> 70.316096
A86: Castanheira | F86: Castanheira | K86: =A86 -> Castanheira
A87: N | B87: 5 | C87: 144 | D87: 149 | F87: N | G87: 0.033557047 | H87: 0.96644295 | I87: 1 | K87: =A87 -> N | L87: =B87 -> 5 | M87: =G87 -> 0.033557047 | N87: =C87 -> 144 | O87: =H87 -> 0.96644295 | P87: =D87 -> 149
A88: G | B88: 0.0013657273 | C88: 0.27276541 | D88: 0.27413114 | F88: G | G88: 0.0049820218 | H88: 0.99501798 | I88: 1 | K88: =A88 -> G | L88: =B88 -> 0.0013657273 | M88: =G88 -> 0.0049820218 | N88: =C88 -> 0.27276541 | O88: =H88 -> 0.99501798 | P88: =D88 -> 0.27413114
A89: V | B89: 9.2957102 | C89: 2460.3863 | D89: 2469.682 | F89: V | G89: 0.0037639301 | H89: 0.99623607 | I89: 1 | K89: =A89 -> V | L89: =B89 -> 9.2957102 | M89: =G89 -> 0.0037639301 | N89: =C89 -> 2460.3863 | O89: =H89 -> 0.99623607 | P89: =D89 -> 2469.682
A90: Castanhola | F90: Castanhola | K90: =A90 -> Castanhola
A91: N | B91: 1 | C91: 2 | D91: 3 | F91: N | G91: 0.33333333 | H91: 0.66666667 | I91: 1 | K91: =A91 -> N | L91: =B91 -> 1 | M91: =G91 -> 0.33333333 | N91: =C91 -> 2 | O91: =H91 -> 0.66666667 | P91: =D91 -> 3
A92: G | B92: 0.00033450503 | C92: 0.0033763775 | D92: 0.0037108825 | F92: G | G92: 0.090141638 | H92: 0.90985836 | I92: 1 | K92: =A92 -> G | L92: =B92 -> 0.00033450503 | M92: =G92 -> 0.090141638 | N92: =C92 -> 0.0033763775 | O92: =H92 -> 0.90985836 | P92: =D92 -> 0.0037108825
A93: V | B93: 1.8736118 | C93: 24.314896 | D93: 26.188508 | F93: V | G93: 0.07154328 | H93: 0.92845672 | I93: 1 | K93: =A93 -> V | L93: =B93 -> 1.8736118 | M93: =G93 -> 0.07154328 | N93: =C93 -> 24.314896 | O93: =H93 -> 0.92845672 | P93: =D93 -> 26.188508
A94: Caucho | F94: Caucho | K94: =A94 -> Caucho
A95: N | B95: 1 | D95: 1 | F95: N | G95: 1 | H95: 0 | I95: 1 | K95: =A95 -> N | L95: =B95 -> 1 | M95: =G95 -> 1 | N95: =C95 -> 0 | O95: =H95 -> 0 | P95: =D95 -> 1
A96: G | B96: 0.0010150017 | D96: 0.0010150017 | F96: G | G96: 1 | H96: 0 | I96: 1 | K96: =A96 -> G | L96: =B96 -> 0.0010150017 | M96: =G96 -> 1 | N96: =C96 -> 0 | O96: =H96 -> 0 | P96: =D96 -> 0.0010150017
A97: V | B97: 7.3095091 | D97: 7.3095091 | F97: V | G97: 1 | H97: 0 | I97: 1 | K97: =A97 -> V | L97: =B97 -> 7.3095091 | M97: =G97 -> 1 | N97: =C97 -> 0 | O97: =H97 -> 0 | P97: =D97 -> 7.3095091
A98: Cedrarana | F98: Cedrarana | K98: =A98 -> Cedrarana
A99: N | B99: 4 | C99: 88 | D99: 92 | F99: N | G99: 0.043478261 | H99: 0.95652174 | I99: 1 | K99: =A99 -> N | L99: =B99 -> 4 | M99: =G99 -> 0.043478261 | N99: =C99 -> 88 | O99: =H99 -> 0.95652174 | P99: =D99 -> 92
A100: G | B100: 0.0011288518 | C100: 0.1828915 | D100: 0.18402036 | F100: G | G100: 0.0061343854 | H100: 0.99386561 | I100: 1 | K100: =A100 -> G | L100: =B100 -> 0.0011288518 | M100: =G100 -> 0.0061343854 | N100: =C100 -> 0.1828915 | O100: =H100 -> 0.99386561 | P100: =D100 -> 0.18402036
A101: V | B101: 6.8518988 | C101: 1638.5814 | D101: 1645.4333 | F101: V | G101: 0.0041641912 | H101: 0.99583581 | I101: 1 | K101: =A101 -> V | L101: =B101 -> 6.8518988 | M101: =G101 -> 0.0041641912 | N101: =C101 -> 1638.5814 | O101: =H101 -> 0.99583581 | P101: =D101 -> 1645.4333
...

Sheet  MODELO-2-P 
A1: N° UT | B1: (Tudo) | I1: N° UT | J1: (Tudo)
A2: COMERCIAIS | B2: (Tudo) | I2: COMERCIAIS | J2: (Tudo)
B4: Rótulos de Coluna | J4: Rótulos de Coluna | Q4: Espécie | R4: DMCE | S4: Explorar | U4: Matriz | W4: Protegida | Y4: Remanescente | AA4: Remanescente 2 | AC4: Total | AD4: Total/ha
A5: Rótulos de Linha | B5: Explorar | C5: Matriz | D5: Protegida | E5: Remanescente | F5: Remanescente 2 | G5: Total Geral | I5: Rótulos de Linha | J5: Explorar | K5: Matriz | L5: Protegida | M5: Remanescente | N5: Remanescente 2 | O5: Total Geral | S5: Subtotal | T5: % | U5: Subtotal | V5: % | W5: Subtotal | X5: % | Y5: Subtotal | Z5: % | AA5: Subtotal | AB5: %
A6: Abiu | I6: Abiu | Q6: =A6 -> Abiu | R6: =IFERROR(VLOOKUP(Q6,'LISTA-ESPECIES'!$A$4:$D$102,4,FALSE),"") -> 66.02254
A7: N | E7: 1 | G7: 1 | I7: N | J7: 0 | K7: 0 | L7: 0 | M7: 1 | N7: 0 | O7: 1 | Q7: =A7 -> N | R7: =IFERROR(VLOOKUP(Q7,'LISTA-ESPECIES'!$A$4:$D$102,4,FALSE),"") | S7: =B7 -> 0 | T7: =J7 -> 0 | U7: =C7 -> 0 | V7: =K7 -> 0 | W7: =D7 -> 0 | X7: =L7 -> 0 | Y7: =E7 -> 1 | Z7: =M7 -> 1 | AA7: =F7 -> 0 | AB7: =N7 -> 0 | AC7: =G7 -> 1 | AD7: =AC7/SUM(AEEF[AEEF-UT]) -> 0.0017496417
A8: G | E8: 0.00043128523 | G8: 0.00043128523 | I8: G | J8: 0 | K8: 0 | L8: 0 | M8: 1 | N8: 0 | O8: 1 | Q8: =A8 -> G | R8: =IFERROR(VLOOKUP(Q8,'LISTA-ESPECIES'!$A$4:$D$102,4,FALSE),"") | S8: =B8 -> 0 | T8: =J8 -> 0 | U8: =C8 -> 0 | V8: =K8 -> 0 | W8: =D8 -> 0 | X8: =L8 -> 0 | Y8: =E8 -> 0.00043128523 | Z8: =M8 -> 1 | AA8: =F8 -> 0 | AB8: =N8 -> 0 | AC8: =G8 -> 0.00043128523 | AD8: =AC8/SUM(AEEF[AEEF-UT]) -> 7.5459461e-07
A9: V | E9: 2.7607908 | G9: 2.7607908 | I9: V | J9: 0 | K9: 0 | L9: 0 | M9: 1 | N9: 0 | O9: 1 | Q9: =A9 -> V | R9: =IFERROR(VLOOKUP(Q9,'LISTA-ESPECIES'!$A$4:$D$102,4,FALSE),"") | S9: =B9 -> 0 | T9: =J9 -> 0 | U9: =C9 -> 0 | V9: =K9 -> 0 | W9: =D9 -> 0 | X9: =L9 -> 0 | Y9: =E9 -> 2.7607908 | Z9: =M9 -> 1 | AA9: =F9 -> 0 | AB9: =N9 -> 0 | AC9: =G9 -> 2.7607908 | AD9: =AC9/SUM(AEEF[AEEF-UT]) -> 0.0048303946
A10: Abiurana | I10: Abiurana | Q10: =A10 -> Abiurana | R10: =IFERROR(VLOOKUP(Q10,'LISTA-ESPECIES'!$A$4:$D$102,4,FALSE),"") -> 57.746483
A11: N | E11: 1 | G11: 1 | I11: N | J11: 0 | K11: 0 | L11: 0 | M11: 1 | N11: 0 | O11: 1 | Q11: =A11 -> N | R11: =IFERROR(VLOOKUP(Q11,'LISTA-ESPECIES'!$A$4:$D$102,4,FALSE),"") | S11: =B11 -> 0 | T11: =J11 -> 0 | U11: =C11 -> 0 | V11: =K11 -> 0 | W11: =D11 -> 0 | X11: =L11 -> 0 | Y11: =E11 -> 1 | Z11: =M11 -> 1 | AA11: =F11 -> 0 | AB11: =N11 -> 0 | AC11: =G11 -> 1 | AD11: =AC11/SUM(AEEF[AEEF-UT]) -> 0.0017496417
A12: G | E12: 0.00031327214 | G12: 0.00031327214 | I12: G | J12: 0 | K12: 0 | L12: 0 | M12: 1 | N12: 0 | O12: 1 | Q12: =A12 -> G | R12: =IFERROR(VLOOKUP(Q12,'LISTA-ESPECIES'!$A$4:$D$102,4,FALSE),"") | S12: =B12 -> 0 | T12: =J12 -> 0 | U12: =C12 -> 0 | V12: =K12 -> 0 | W12: =D12 -> 0 | X12: =L12 -> 0 | Y12: =E12 -> 0.00031327214 | Z12: =M12 -> 1 | AA12: =F12 -> 0 | AB12: =N12 -> 0 | AC12: =G12 -> 0.00031327214 | AD12: =AC12/SUM(AEEF[AEEF-UT]) -> 5.4811398e-07
A13: V | E13: 2.1306868 | G13: 2.1306868 | I13: V | J13: 0 | K13: 0 | L13: 0 | M13: 1 | N13: 0 | O13: 1 | Q13: =A13 -> V | R13: =IFERROR(VLOOKUP(Q13,'LISTA-ESPECIES'!$A$4:$D$102,4,FALSE),"") | S13: =B13 -> 0 | T13: =J13 -> 0 | U13: =C13 -> 0 | V13: =K13 -> 0 | W13: =D13 -> 0 | X13: =L13 -> 0 | Y13: =E13 -> 2.1306868 | Z13: =M13 -> 1 | AA13: =F13 -> 0 | AB13: =N13 -> 0 | AC13: =G13 -> 2.1306868 | AD13: =AC13/SUM(AEEF[AEEF-UT]) -> 0.0037279384
A14: Amapá | I14: Amapá | Q14: =A14 -> Amapá | R14: =IFERROR(VLOOKUP(Q14,'LISTA-ESPECIES'!$A$4:$D$102,4,FALSE),"") -> 50
A15: N | C15: 26 | E15: 6 | G15: 32 | I15: N | J15: 0 | K15: 0.8125 | L15: 0 | M15: 0.1875 | N15: 0 | O15: 1 | Q15: =A15 -> N | R15: =IFERROR(VLOOKUP(Q15,'LISTA-ESPECIES'!$A$4:$D$102,4,FALSE),"") | S15: =B15 -> 0 | T15: =J15 -> 0 | U15: =C15 -> 26 | V15: =K15 -> 0.8125 | W15: =D15 -> 0 | X15: =L15 -> 0 | Y15: =E15 -> 6 | Z15: =M15 -> 0.1875 | AA15: =F15 -> 0 | AB15: =N15 -> 0 | AC15: =G15 -> 32 | AD15: =AC15/SUM(AEEF[AEEF-UT]) -> 0.055988534
A16: G | C16: 0.032576988 | E16: 0.0015552639 | G16: 0.034132252 | I16: G | J16: 0 | K16: 0.95443419 | L16: 0 | M16: 0.045565815 | N16: 0 | O16: 1 | Q16: =A16 -> G | R16: =IFERROR(VLOOKUP(Q16,'LISTA-ESPECIES'!$A$4:$D$102,4,FALSE),"") | S16: =B16 -> 0 | T16: =J16 -> 0 | U16: =C16 -> 0.032576988 | V16: =K16 -> 0.95443419 | W16: =D16 -> 0 | X16: =L16 -> 0 | Y16: =E16 -> 0.0015552639 | Z16: =M16 -> 0.045565815 | AA16: =F16 -> 0 | AB16: =N16 -> 0 | AC16: =G16 -> 0.034132252 | AD16: =AC16/SUM(AEEF[AEEF-UT]) -> 5.9719211e-05
A17: V | C17: 267.4762 | E17: 8.3539578 | G17: 275.83016 | I17: V | J17: 0 | K17: 0.9697134 | L17: 0 | M17: 0.0302866 | N17: 0 | O17: 1 | Q17: =A17 -> V | R17: =IFERROR(VLOOKUP(Q17,'LISTA-ESPECIES'!$A$4:$D$102,4,FALSE),"") | S17: =B17 -> 0 | T17: =J17 -> 0 | U17: =C17 -> 267.4762 | V17: =K17 -> 0.9697134 | W17: =D17 -> 0 | X17: =L17 -> 0 | Y17: =E17 -> 8.3539578 | Z17: =M17 -> 0.0302866 | AA17: =F17 -> 0 | AB17: =N17 -> 0 | AC17: =G17 -> 275.83016 | AD17: =AC17/SUM(AEEF[AEEF-UT]) -> 0.48260395
A18: Amarelinho | I18: Amarelinho | Q18: =A18 -> Amarelinho | R18: =IFERROR(VLOOKUP(Q18,'LISTA-ESPECIES'!$A$4:$D$102,4,FALSE),"") -> 61.247892
A19: N | D19: 1 | G19: 1 | I19: N | J19: 0 | K19: 0 | L19: 1 | M19: 0 | N19: 0 | O19: 1 | Q19: =A19 -> N | R19: =IFERROR(VLOOKUP(Q19,'LISTA-ESPECIES'!$A$4:$D$102,4,FALSE),"") | S19: =B19 -> 0 | T19: =J19 -> 0 | U19: =C19 -> 0 | V19: =K19 -> 0 | W19: =D19 -> 1 | X19: =L19 -> 1 | Y19: =E19 -> 0 | Z19: =M19 -> 0 | AA19: =F19 -> 0 | AB19: =N19 -> 0 | AC19: =G19 -> 1 | AD19: =AC19/SUM(AEEF[AEEF-UT]) -> 0.0017496417
A20: G | D20: 0.00036090342 | G20: 0.00036090342 | I20: G | J20: 0 | K20: 0 | L20: 1 | M20: 0 | N20: 0 | O20: 1 | Q20: =A20 -> G | R20: =IFERROR(VLOOKUP(Q20,'LISTA-ESPECIES'!$A$4:$D$102,4,FALSE),"") | S20: =B20 -> 0 | T20: =J20 -> 0 | U20: =C20 -> 0 | V20: =K20 -> 0 | W20: =D20 -> 0.00036090342 | X20: =L20 -> 1 | Y20: =E20 -> 0 | Z20: =M20 -> 0 | AA20: =F20 -> 0 | AB20: =N20 -> 0 | AC20: =G20 -> 0.00036090342 | AD20: =AC20/SUM(AEEF[AEEF-UT]) -> 6.3145167e-07
A21: V | D21: 2.4546459 | G21: 2.4546459 | I21: V | J21: 0 | K21: 0 | L21: 1 | M21: 0 | N21: 0 | O21: 1 | Q21: =A21 -> V | R21: =IFERROR(VLOOKUP(Q21,'LISTA-ESPECIES'!$A$4:$D$102,4,FALSE),"")
A22: Amescla | I22: Amescla | Q22: =A22 -> Amescla | R22: =IFERROR(VLOOKUP(Q22,'LISTA-ESPECIES'!$A$4:$D$102,4,FALSE),"") -> 57.746483 | S22: =B22 -> 0 | T22: =J22 -> 0 | U22: =C22 -> 0 | V22: =K22 -> 0 | W22: =D22 -> 0 | X22: =L22 -> 0 | Y22: =E22 -> 0 | Z22: =M22 -> 0 | AA22: =F22 -> 0 | AB22: =N22 -> 0 | AC22: =G22 -> 0 | AD22: =AC22/SUM(AEEF[AEEF-UT]) -> 0
A23: N | C23: 6 | E23: 1 | G23: 7 | I23: N | J23: 0 | K23: 0.85714286 | L23: 0 | M23: 0.14285714 | N23: 0 | O23: 1 | Q23: =A23 -> N | R23: =IFERROR(VLOOKUP(Q23,'LISTA-ESPECIES'!$A$4:$D$102,4,FALSE),"") | S23: =B23 -> 0 | T23: =J23 -> 0 | U23: =C23 -> 6 | V23: =K23 -> 0.85714286 | W23: =D23 -> 0 | X23: =L23 -> 0 | Y23: =E23 -> 1 | Z23: =M23 -> 0.14285714 | AA23: =F23 -> 0 | AB23: =N23 -> 0 | AC23: =G23 -> 7 | AD23: =AC23/SUM(AEEF[AEEF-UT]) -> 0.012247492
A24: G | C24: 0.0052878805 | E24: 0.00031327214 | G24: 0.0056011526 | I24: G | J24: 0 | K24: 0.94407006 | L24: 0 | M24: 0.055929941 | N24: 0 | O24: 1 | Q24: =A24 -> G | R24: =IFERROR(VLOOKUP(Q24,'LISTA-ESPECIES'!$A$4:$D$102,4,FALSE),"") | S24: =B24 -> 0 | T24: =J24 -> 0 | U24: =C24 -> 0.0052878805 | V24: =K24 -> 0.94407006 | W24: =D24 -> 0 | X24: =L24 -> 0 | Y24: =E24 -> 0.00031327214 | Z24: =M24 -> 0.055929941 | AA24: =F24 -> 0 | AB24: =N24 -> 0 | AC24: =G24 -> 0.0056011526 | AD24: =AC24/SUM(AEEF[AEEF-UT]) -> 9.8000101e-06
A25: V | C25: 40.510963 | E25: 1.7546832 | G25: 42.265646 | I25: V | J25: 0 | K25: 0.95848441 | L25: 0 | M25: 0.041515591 | N25: 0 | O25: 1 | Q25: =A25 -> V | R25: =IFERROR(VLOOKUP(Q25,'LISTA-ESPECIES'!$A$4:$D$102,4,FALSE),"")
A26: Anani | I26: Anani | Q26: =A26 -> Anani | R26: =IFERROR(VLOOKUP(Q26,'LISTA-ESPECIES'!$A$4:$D$102,4,FALSE),"") -> 64.112681 | S26: =B26 -> 0 | T26: =J26 -> 0 | U26: =C26 -> 0 | V26: =K26 -> 0 | W26: =D26 -> 0 | X26: =L26 -> 0 | Y26: =E26 -> 0 | Z26: =M26 -> 0 | AA26: =F26 -> 0 | AB26: =N26 -> 0 | AC26: =G26 -> 0 | AD26: =AC26/SUM(AEEF[AEEF-UT]) -> 0
A27: N | E27: 2 | G27: 2 | I27: N | J27: 0 | K27: 0 | L27: 0 | M27: 1 | N27: 0 | O27: 1 | Q27: =A27 -> N | R27: =IFERROR(VLOOKUP(Q27,'LISTA-ESPECIES'!$A$4:$D$102,4,FALSE),"") | S27: =B27 -> 0 | T27: =J27 -> 0 | U27: =C27 -> 0 | V27: =K27 -> 0 | W27: =D27 -> 0 | X27: =L27 -> 0 | Y27: =E27 -> 2 | Z27: =M27 -> 1 | AA27: =F27 -> 0 | AB27: =N27 -> 0 | AC27: =G27 -> 2 | AD27: =AC27/SUM(AEEF[AEEF-UT]) -> 0.0034992833
A28: G | E28: 0.00090500839 | G28: 0.00090500839 | I28: G | J28: 0 | K28: 0 | L28: 0 | M28: 1 | N28: 0 | O28: 1 | Q28: =A28 -> G | R28: =IFERROR(VLOOKUP(Q28,'LISTA-ESPECIES'!$A$4:$D$102,4,FALSE),"") | S28: =B28 -> 0 | T28: =J28 -> 0 | U28: =C28 -> 0 | V28: =K28 -> 0 | W28: =D28 -> 0 | X28: =L28 -> 0 | Y28: =E28 -> 0.00090500839 | Z28: =M28 -> 1 | AA28: =F28 -> 0 | AB28: =N28 -> 0 | AC28: =G28 -> 0.00090500839 | AD28: =AC28/SUM(AEEF[AEEF-UT]) -> 1.5834404e-06
A29: V | E29: 6.5173949 | G29: 6.5173949 | I29: V | J29: 0 | K29: 0 | L29: 0 | M29: 1 | N29: 0 | O29: 1 | Q29: =A29 -> V | R29: =IFERROR(VLOOKUP(Q29,'LISTA-ESPECIES'!$A$4:$D$102,4,FALSE),"")
A30: Angelim-Pedra | I30: Angelim-Pedra | Q30: =A30 -> Angelim-Pedra | R30: =IFERROR(VLOOKUP(Q30,'LISTA-ESPECIES'!$A$4:$D$102,4,FALSE),"") -> 51.380285 | S30: =B30 -> 0 | T30: =J30 -> 0 | U30: =C30 -> 0 | V30: =K30 -> 0 | W30: =D30 -> 0 | X30: =L30 -> 0 | Y30: =E30 -> 0 | Z30: =M30 -> 0 | AA30: =F30 -> 0 | AB30: =N30 -> 0 | AC30: =G30 -> 0 | AD30: =AC30/SUM(AEEF[AEEF-UT]) -> 0
A31: N | B31: 19 | C31: 18 | E31: 2 | G31: 39 | I31: N | J31: 0.48717949 | K31: 0.46153846 | L31: 0 | M31: 0.051282051 | N31: 0 | O31: 1 | Q31: =A31 -> N | R31: =IFERROR(VLOOKUP(Q31,'LISTA-ESPECIES'!$A$4:$D$102,4,FALSE),"") | S31: =B31 -> 19 | T31: =J31 -> 0.48717949 | U31: =C31 -> 18 | V31: =K31 -> 0.46153846 | W31: =D31 -> 0 | X31: =L31 -> 0 | Y31: =E31 -> 2 | Z31: =M31 -> 0.051282051 | AA31: =F31 -> 0 | AB31: =N31 -> 0 | AC31: =G31 -> 39 | AD31: =AC31/SUM(AEEF[AEEF-UT]) -> 0.068236025
A32: G | B32: 0.024872318 | C32: 0.023662029 | E32: 0.00047060436 | G32: 0.049004951 | I32: G | J32: 0.50754704 | K32: 0.48284976 | L32: 0 | M32: 0.0096032003 | N32: 0 | O32: 1 | Q32: =A32 -> G | R32: =IFERROR(VLOOKUP(Q32,'LISTA-ESPECIES'!$A$4:$D$102,4,FALSE),"") | S32: =B32 -> 0.024872318 | T32: =J32 -> 0.50754704 | U32: =C32 -> 0.023662029 | V32: =K32 -> 0.48284976 | W32: =D32 -> 0 | X32: =L32 -> 0 | Y32: =E32 -> 0.00047060436 | Z32: =M32 -> 0.0096032003 | AA32: =F32 -> 0 | AB32: =N32 -> 0 | AC32: =G32 -> 0.049004951 | AD32: =AC32/SUM(AEEF[AEEF-UT]) -> 8.5741105e-05
A33: V | B33: 211.39341 | C33: 193.54656 | E33: 2.3535037 | G33: 407.29348 | I33: V | J33: 0.51901987 | K33: 0.47520173 | L33: 0 | M33: 0.0057783978 | N33: 0 | O33: 1 | Q33: =A33 -> V | R33: =IFERROR(VLOOKUP(Q33,'LISTA-ESPECIES'!$A$4:$D$102,4,FALSE),"")
A34: Angelim-Vermelho | I34: Angelim-Vermelho | Q34: =A34 -> Angelim-Vermelho | R34: =IFERROR(VLOOKUP(Q34,'LISTA-ESPECIES'!$A$4:$D$102,4,FALSE),"") -> 65.70423 | S34: =B34 -> 0 | T34: =J34 -> 0 | U34: =C34 -> 0 | V34: =K34 -> 0 | W34: =D34 -> 0 | X34: =L34 -> 0 | Y34: =E34 -> 0 | Z34: =M34 -> 0 | AA34: =F34 -> 0 | AB34: =N34 -> 0 | AC34: =G34 -> 0 | AD34: =AC34/SUM(AEEF[AEEF-UT]) -> 0
A35: N | C35: 1 | E35: 1 | G35: 2 | I35: N | J35: 0 | K35: 0.5 | L35: 0 | M35: 0.5 | N35: 0 | O35: 1 | Q35: =A35 -> N | R35: =IFERROR(VLOOKUP(Q35,'LISTA-ESPECIES'!$A$4:$D$102,4,FALSE),"") | S35: =B35 -> 0 | T35: =J35 -> 0 | U35: =C35 -> 1 | V35: =K35 -> 0.5 | W35: =D35 -> 0 | X35: =L35 -> 0 | Y35: =E35 -> 1 | Z35: =M35 -> 0.5 | AA35: =F35 -> 0 | AB35: =N35 -> 0 | AC35: =G35 -> 2 | AD35: =AC35/SUM(AEEF[AEEF-UT]) -> 0.0034992833
A36: G | C36: 0.0014079703 | E36: 0.00042639819 | G36: 0.0018343685 | I36: G | J36: 0 | K36: 0.76755042 | L36: 0 | M36: 0.23244958 | N36: 0 | O36: 1 | Q36: =A36 -> G | R36: =IFERROR(VLOOKUP(Q36,'LISTA-ESPECIES'!$A$4:$D$102,4,FALSE),"")
A37: V | C37: 11.266069 | E37: 2.5589131 | G37: 13.824982 | I37: V | J37: 0 | K37: 0.81490659 | L37: 0 | M37: 0.18509341 | N37: 0 | O37: 1 | Q37: =A37 -> V | R37: =IFERROR(VLOOKUP(Q37,'LISTA-ESPECIES'!$A$4:$D$102,4,FALSE),"") | S37: =B37 -> 0 | T37: =J37 -> 0 | U37: =C37 -> 11.266069 | V37: =K37 -> 0.81490659 | W37: =D37 -> 0 | X37: =L37 -> 0 | Y37: =E37 -> 2.5589131 | Z37: =M37 -> 0.18509341 | AA37: =F37 -> 0 | AB37: =N37 -> 0 | AC37: =G37 -> 13.824982 | AD37: =AC37/SUM(AEEF[AEEF-UT]) -> 0.024188765
A38: Araracanga | I38: Araracanga | Q38: =A38 -> Araracanga | R38: =IFERROR(VLOOKUP(Q38,'LISTA-ESPECIES'!$A$4:$D$102,4,FALSE),"") -> 51.380285 | S38: =B38 -> 0 | T38: =J38 -> 0 | U38: =C38 -> 0 | V38: =K38 -> 0 | W38: =D38 -> 0 | X38: =L38 -> 0 | Y38: =E38 -> 0 | Z38: =M38 -> 0 | AA38: =F38 -> 0 | AB38: =N38 -> 0 | AC38: =G38 -> 0 | AD38: =AC38/SUM(AEEF[AEEF-UT]) -> 0
A39: N | C39: 27 | E39: 8 | G39: 35 | I39: N | J39: 0 | K39: 0.77142857 | L39: 0 | M39: 0.22857143 | N39: 0 | O39: 1 | Q39: =A39 -> N | R39: =IFERROR(VLOOKUP(Q39,'LISTA-ESPECIES'!$A$4:$D$102,4,FALSE),"") | S39: =B39 -> 0 | T39: =J39 -> 0 | U39: =C39 -> 27 | V39: =K39 -> 0.77142857 | W39: =D39 -> 0 | X39: =L39 -> 0 | Y39: =E39 -> 8 | Z39: =M39 -> 0.22857143 | AA39: =F39 -> 0 | AB39: =N39 -> 0 | AC39: =G39 -> 35 | AD39: =AC39/SUM(AEEF[AEEF-UT]) -> 0.061237459
A40: G | C40: 0.019154948 | E40: 0.0024199228 | G40: 0.021574871 | I40: G | J40: 0 | K40: 0.88783605 | L40: 0 | M40: 0.11216395 | N40: 0 | O40: 1 | Q40: =A40 -> G | R40: =IFERROR(VLOOKUP(Q40,'LISTA-ESPECIES'!$A$4:$D$102,4,FALSE),"")
A41: V | C41: 148.33113 | E41: 16.144245 | G41: 164.47538 | I41: V | J41: 0 | K41: 0.901844 | L41: 0 | M41: 0.098155995 | N41: 0 | O41: 1 | Q41: =A41 -> V | R41: =IFERROR(VLOOKUP(Q41,'LISTA-ESPECIES'!$A$4:$D$102,4,FALSE),"") | S41: =B41 -> 0 | T41: =J41 -> 0 | U41: =C41 -> 148.33113 | V41: =K41 -> 0.901844 | W41: =D41 -> 0 | X41: =L41 -> 0 | Y41: =E41 -> 16.144245 | Z41: =M41 -> 0.098155995 | AA41: =F41 -> 0 | AB41: =N41 -> 0 | AC41: =G41 -> 164.47538 | AD41: =AC41/SUM(AEEF[AEEF-UT]) -> 0.28777298
A42: Axixá | I42: Axixá | Q42: =A42 -> Axixá | R42: =IFERROR(VLOOKUP(Q42,'LISTA-ESPECIES'!$A$4:$D$102,4,FALSE),"") -> 50 | S42: =B42 -> 0 | T42: =J42 -> 0 | U42: =C42 -> 0 | V42: =K42 -> 0 | W42: =D42 -> 0 | X42: =L42 -> 0 | Y42: =E42 -> 0 | Z42: =M42 -> 0 | AA42: =F42 -> 0 | AB42: =N42 -> 0 | AC42: =G42 -> 0 | AD42: =AC42/SUM(AEEF[AEEF-UT]) -> 0
A43: N | C43: 13 | E43: 3 | F43: 3 | G43: 19 | I43: N | J43: 0 | K43: 0.68421053 | L43: 0 | M43: 0.15789474 | N43: 0.15789474 | O43: 1 | Q43: =A43 -> N | R43: =IFERROR(VLOOKUP(Q43,'LISTA-ESPECIES'!$A$4:$D$102,4,FALSE),"") | S43: =B43 -> 0 | T43: =J43 -> 0 | U43: =C43 -> 13 | V43: =K43 -> 0.68421053 | W43: =D43 -> 0 | X43: =L43 -> 0 | Y43: =E43 -> 3 | Z43: =M43 -> 0.15789474 | AA43: =F43 -> 3 | AB43: =N43 -> 0.15789474 | AC43: =G43 -> 19 | AD43: =AC43/SUM(AEEF[AEEF-UT]) -> 0.033243192
A44: G | C44: 0.0065732987 | E44: 0.00083377727 | F44: 0.0013695005 | G44: 0.0087765765 | I44: G | J44: 0 | K44: 0.74895932 | L44: 0 | M44: 0.095000286 | N44: 0.1560404 | O44: 1 | Q44: =A44 -> G | R44: =IFERROR(VLOOKUP(Q44,'LISTA-ESPECIES'!$A$4:$D$102,4,FALSE),"")
A45: V | C45: 46.408737 | E45: 5.6322993 | F45: 10.610653 | G45: 62.65169 | I45: V | J45: 0 | K45: 0.74074199 | L45: 0 | M45: 0.089898601 | N45: 0.16935941 | O45: 1 | Q45: =A45 -> V | R45: =IFERROR(VLOOKUP(Q45,'LISTA-ESPECIES'!$A$4:$D$102,4,FALSE),"") | S45: =B45 -> 0 | T45: =J45 -> 0 | U45: =C45 -> 46.408737 | V45: =K45 -> 0.74074199 | W45: =D45 -> 0 | X45: =L45 -> 0 | Y45: =E45 -> 5.6322993 | Z45: =M45 -> 0.089898601 | AA45: =F45 -> 10.610653 | AB45: =N45 -> 0.16935941 | AC45: =G45 -> 62.65169 | AD45: =AC45/SUM(AEEF[AEEF-UT]) -> 0.10961801
A46: Axuá | I46: Axuá | Q46: =A46 -> Axuá | R46: =IFERROR(VLOOKUP(Q46,'LISTA-ESPECIES'!$A$4:$D$102,4,FALSE),"") -> 57.746483 | S46: =B46 -> 0 | T46: =J46 -> 0 | U46: =C46 -> 0 | V46: =K46 -> 0 | W46: =D46 -> 0 | X46: =L46 -> 0 | Y46: =E46 -> 0 | Z46: =M46 -> 0 | AA46: =F46 -> 0 | AB46: =N46 -> 0 | AC46: =G46 -> 0 | AD46: =AC46/SUM(AEEF[AEEF-UT]) -> 0
A47: N | C47: 8 | E47: 5 | F47: 1 | G47: 14 | I47: N | J47: 0 | K47: 0.57142857 | L47: 0 | M47: 0.35714286 | N47: 0.071428571 | O47: 1 | Q47: =A47 -> N | R47: =IFERROR(VLOOKUP(Q47,'LISTA-ESPECIES'!$A$4:$D$102,4,FALSE),"") | S47: =B47 -> 0 | T47: =J47 -> 0 | U47: =C47 -> 8 | V47: =K47 -> 0.57142857 | W47: =D47 -> 0 | X47: =L47 -> 0 | Y47: =E47 -> 5 | Z47: =M47 -> 0.35714286 | AA47: =F47 -> 1 | AB47: =N47 -> 0.071428571 | AC47: =G47 -> 14 | AD47: =AC47/SUM(AEEF[AEEF-UT]) -> 0.024494983
A48: G | C48: 0.005348168 | E48: 0.0018989304 | F48: 0.0023633807 | G48: 0.0096104791 | I48: G | J48: 0 | K48: 0.55649338 | L48: 0 | M48: 0.19758957 | N48: 0.24591705 | O48: 1 | Q48: =A48 -> G | R48: =IFERROR(VLOOKUP(Q48,'LISTA-ESPECIES'!$A$4:$D$102,4,FALSE),"")
A49: V | C49: 34.621293 | E49: 11.238039 | F49: 13.237642 | G49: 59.096974 | I49: V | J49: 0 | K49: 0.58583868 | L49: 0 | M49: 0.19016268 | N49: 0.22399865 | O49: 1 | Q49: =A49 -> V | R49: =IFERROR(VLOOKUP(Q49,'LISTA-ESPECIES'!$A$4:$D$102,4,FALSE),"") | S49: =B49 -> 0 | T49: =J49 -> 0 | U49: =C49 -> 34.621293 | V49: =K49 -> 0.58583868 | W49: =D49 -> 0 | X49: =L49 -> 0 | Y49: =E49 -> 11.238039 | Z49: =M49 -> 0.19016268 | AA49: =F49 -> 13.237642 | AB49: =N49 -> 0.22399865 | AC49: =G49 -> 59.096974 | AD49: =AC49/SUM(AEEF[AEEF-UT]) -> 0.10339853
A50: Barrote | I50: Barrote | Q50: =A50 -> Barrote | R50: =IFERROR(VLOOKUP(Q50,'LISTA-ESPECIES'!$A$4:$D$102,4,FALSE),"") -> 54.563384 | S50: =B50 -> 0 | T50: =J50 -> 0 | U50: =C50 -> 0 | V50: =K50 -> 0 | W50: =D50 -> 0 | X50: =L50 -> 0 | Y50: =E50 -> 0 | Z50: =M50 -> 0 | AA50: =F50 -> 0 | AB50: =N50 -> 0 | AC50: =G50 -> 0 | AD50: =AC50/SUM(AEEF[AEEF-UT]) -> 0
A51: N | C51: 14 | E51: 8 | F51: 1 | G51: 23 | I51: N | J51: 0 | K51: 0.60869565 | L51: 0 | M51: 0.34782609 | N51: 0.043478261 | O51: 1 | Q51: =A51 -> N | R51: =IFERROR(VLOOKUP(Q51,'LISTA-ESPECIES'!$A$4:$D$102,4,FALSE),"")
A52: G | C52: 0.007810668 | E52: 0.0026959504 | F52: 0.00055692824 | G52: 0.011063547 | I52: G | J52: 0 | K52: 0.70598229 | L52: 0 | M52: 0.24367868 | N52: 0.050339033 | O52: 1 | Q52: =A52 -> G | R52: =IFERROR(VLOOKUP(Q52,'LISTA-ESPECIES'!$A$4:$D$102,4,FALSE),"") | S52: =B52 -> 0 | T52: =J52 -> 0 | U52: =C52 -> 0.007810668 | V52: =K52 -> 0.70598229 | W52: =D52 -> 0 | X52: =L52 -> 0 | Y52: =E52 -> 0.0026959504 | Z52: =M52 -> 0.24367868 | AA52: =F52 -> 0.00055692824 | AB52: =N52 -> 0.050339033 | AC52: =G52 -> 0.011063547 | AD52: =AC52/SUM(AEEF[AEEF-UT]) -> 1.9357242e-05
A53: V | C53: 42.634954 | E53: 14.336364 | F53: 2.2281692 | G53: 59.199487 | I53: V | J53: 0 | K53: 0.72019127 | L53: 0 | M53: 0.24217041 | N53: 0.03763832 | O53: 1 | Q53: =A53 -> V | R53: =IFERROR(VLOOKUP(Q53,'LISTA-ESPECIES'!$A$4:$D$102,4,FALSE),"") | S53: =B53 -> 0 | T53: =J53 -> 0 | U53: =C53 -> 42.634954 | V53: =K53 -> 0.72019127 | W53: =D53 -> 0 | X53: =L53 -> 0 | Y53: =E53 -> 14.336364 | Z53: =M53 -> 0.24217041 | AA53: =F53 -> 2.2281692 | AB53: =N53 -> 0.03763832 | AC53: =G53 -> 59.199487 | AD53: =AC53/SUM(AEEF[AEEF-UT]) -> 0.10357789
A54: Breu | I54: Breu | Q54: =A54 -> Breu | R54: =IFERROR(VLOOKUP(Q54,'LISTA-ESPECIES'!$A$4:$D$102,4,FALSE),"") -> 50 | S54: =B54 -> 0 | T54: =J54 -> 0 | U54: =C54 -> 0 | V54: =K54 -> 0 | W54: =D54 -> 0 | X54: =L54 -> 0 | Y54: =E54 -> 0 | Z54: =M54 -> 0 | AA54: =F54 -> 0 | AB54: =N54 -> 0 | AC54: =G54 -> 0 | AD54: =AC54/SUM(AEEF[AEEF-UT]) -> 0
A55: N | C55: 30 | E55: 9 | G55: 39 | I55: N | J55: 0 | K55: 0.76923077 | L55: 0 | M55: 0.23076923 | N55: 0 | O55: 1 | Q55: =A55 -> N | R55: =IFERROR(VLOOKUP(Q55,'LISTA-ESPECIES'!$A$4:$D$102,4,FALSE),"")
A56: G | C56: 0.034127142 | E56: 0.0026206119 | G56: 0.036747754 | I56: G | J56: 0 | K56: 0.92868647 | L56: 0 | M56: 0.071313525 | N56: 0 | O56: 1 | Q56: =A56 -> G | R56: =IFERROR(VLOOKUP(Q56,'LISTA-ESPECIES'!$A$4:$D$102,4,FALSE),"") | S56: =B56 -> 0 | T56: =J56 -> 0 | U56: =C56 -> 0.034127142 | V56: =K56 -> 0.92868647 | W56: =D56 -> 0 | X56: =L56 -> 0 | Y56: =E56 -> 0.0026206119 | Z56: =M56 -> 0.071313525 | AA56: =F56 -> 0 | AB56: =N56 -> 0 | AC56: =G56 -> 0.036747754 | AD56: =AC56/SUM(AEEF[AEEF-UT]) -> 6.4295403e-05
A57: V | C57: 266.2465 | E57: 14.513626 | G57: 280.76013 | I57: V | J57: 0 | K57: 0.94830596 | L57: 0 | M57: 0.051694042 | N57: 0 | O57: 1 | Q57: =A57 -> V | R57: =IFERROR(VLOOKUP(Q57,'LISTA-ESPECIES'!$A$4:$D$102,4,FALSE),"") | S57: =B57 -> 0 | T57: =J57 -> 0 | U57: =C57 -> 266.2465 | V57: =K57 -> 0.94830596 | W57: =D57 -> 0 | X57: =L57 -> 0 | Y57: =E57 -> 14.513626 | Z57: =M57 -> 0.051694042 | AA57: =F57 -> 0 | AB57: =N57 -> 0 | AC57: =G57 -> 280.76013 | AD57: =AC57/SUM(AEEF[AEEF-UT]) -> 0.49122962
A58: Bucheira | I58: Bucheira | Q58: =A58 -> Bucheira | R58: =IFERROR(VLOOKUP(Q58,'LISTA-ESPECIES'!$A$4:$D$102,4,FALSE),"") -> 73.661977 | S58: =B58 -> 0 | T58: =J58 -> 0 | U58: =C58 -> 0 | V58: =K58 -> 0 | W58: =D58 -> 0 | X58: =L58 -> 0 | Y58: =E58 -> 0 | Z58: =M58 -> 0 | AA58: =F58 -> 0 | AB58: =N58 -> 0 | AC58: =G58 -> 0 | AD58: =AC58/SUM(AEEF[AEEF-UT]) -> 0
A59: N | E59: 1 | G59: 1 | I59: N | J59: 0 | K59: 0 | L59: 0 | M59: 1 | N59: 0 | O59: 1 | Q59: =A59 -> N | R59: =IFERROR(VLOOKUP(Q59,'LISTA-ESPECIES'!$A$4:$D$102,4,FALSE),"")
A60: G | E60: 0.00055692824 | G60: 0.00055692824 | I60: G | J60: 0 | K60: 0 | L60: 0 | M60: 1 | N60: 0 | O60: 1 | Q60: =A60 -> G | R60: =IFERROR(VLOOKUP(Q60,'LISTA-ESPECIES'!$A$4:$D$102,4,FALSE),"") | S60: =B60 -> 0 | T60: =J60 -> 0 | U60: =C60 -> 0 | V60: =K60 -> 0 | W60: =D60 -> 0 | X60: =L60 -> 0 | Y60: =E60 -> 0.00055692824 | Z60: =M60 -> 1 | AA60: =F60 -> 0 | AB60: =N60 -> 0 | AC60: =G60 -> 0.00055692824 | AD60: =AC60/SUM(AEEF[AEEF-UT]) -> 9.7442486e-07
A61: V | E61: 2.89662 | G61: 2.89662 | I61: V | J61: 0 | K61: 0 | L61: 0 | M61: 1 | N61: 0 | O61: 1 | Q61: =A61 -> V | R61: =IFERROR(VLOOKUP(Q61,'LISTA-ESPECIES'!$A$4:$D$102,4,FALSE),"") | S61: =B61 -> 0 | T61: =J61 -> 0 | U61: =C61 -> 0 | V61: =K61 -> 0 | W61: =D61 -> 0 | X61: =L61 -> 0 | Y61: =E61 -> 2.89662 | Z61: =M61 -> 1 | AA61: =F61 -> 0 | AB61: =N61 -> 0 | AC61: =G61 -> 2.89662 | AD61: =AC61/SUM(AEEF[AEEF-UT]) -> 0.005068047
A62: Burra-Leiteira | I62: Burra-Leiteira | Q62: =A62 -> Burra-Leiteira | R62: =IFERROR(VLOOKUP(Q62,'LISTA-ESPECIES'!$A$4:$D$102,4,FALSE),"") -> 55.200004 | S62: =B62 -> 0 | T62: =J62 -> 0 | U62: =C62 -> 0 | V62: =K62 -> 0 | W62: =D62 -> 0 | X62: =L62 -> 0 | Y62: =E62 -> 0 | Z62: =M62 -> 0 | AA62: =F62 -> 0 | AB62: =N62 -> 0 | AC62: =G62 -> 0 | AD62: =AC62/SUM(AEEF[AEEF-UT]) -> 0
A63: N | C63: 1 | E63: 1 | G63: 2 | I63: N | J63: 0 | K63: 0.5 | L63: 0 | M63: 0.5 | N63: 0 | O63: 1 | Q63: =A63 -> N | R63: =IFERROR(VLOOKUP(Q63,'LISTA-ESPECIES'!$A$4:$D$102,4,FALSE),"")
A64: G | C64: 0.00055692824 | E64: 0.00028074753 | G64: 0.00083767577 | I64: G | J64: 0 | K64: 0.66484941 | L64: 0 | M64: 0.33515059 | N64: 0 | O64: 1 | Q64: =A64 -> G | R64: =IFERROR(VLOOKUP(Q64,'LISTA-ESPECIES'!$A$4:$D$102,4,FALSE),"") | S64: =B64 -> 0 | T64: =J64 -> 0 | U64: =C64 -> 0.00055692824 | V64: =K64 -> 0.66484941 | W64: =D64 -> 0 | X64: =L64 -> 0 | Y64: =E64 -> 0.00028074753 | Z64: =M64 -> 0.33515059 | AA64: =F64 -> 0 | AB64: =N64 -> 0 | AC64: =G64 -> 0.00083767577 | AD64: =AC64/SUM(AEEF[AEEF-UT]) -> 1.4656324e-06
A65: V | C65: 3.5650707 | E65: 1.6848301 | G65: 5.2499009 | I65: V | J65: 0 | K65: 0.67907391 | L65: 0 | M65: 0.32092609 | N65: 0 | O65: 1 | Q65: =A65 -> V | R65: =IFERROR(VLOOKUP(Q65,'LISTA-ESPECIES'!$A$4:$D$102,4,FALSE),"") | S65: =B65 -> 0 | T65: =J65 -> 0 | U65: =C65 -> 3.5650707 | V65: =K65 -> 0.67907391 | W65: =D65 -> 0 | X65: =L65 -> 0 | Y65: =E65 -> 1.6848301 | Z65: =M65 -> 0.32092609 | AA65: =F65 -> 0 | AB65: =N65 -> 0 | AC65: =G65 -> 5.2499009 | AD65: =AC65/SUM(AEEF[AEEF-UT]) -> 0.0091854453
A66: Cajá | I66: Cajá | Q66: =A66 -> Cajá | R66: =IFERROR(VLOOKUP(Q66,'LISTA-ESPECIES'!$A$4:$D$102,4,FALSE),"") -> 134.14086
A67: N | E67: 1 | G67: 1 | I67: N | J67: 0 | K67: 0 | L67: 0 | M67: 1 | N67: 0 | O67: 1 | Q67: =A67 -> N | R67: =IFERROR(VLOOKUP(Q67,'LISTA-ESPECIES'!$A$4:$D$102,4,FALSE),"") | S67: =B67 -> 0 | T67: =J67 -> 0 | U67: =C67 -> 0 | V67: =K67 -> 0 | W67: =D67 -> 0 | X67: =L67 -> 0 | Y67: =E67 -> 1 | Z67: =M67 -> 1 | AA67: =F67 -> 0 | AB67: =N67 -> 0 | AC67: =G67 -> 1 | AD67: =AC67/SUM(AEEF[AEEF-UT]) -> 0.0017496417
A68: G | E68: 0.0021177196 | G68: 0.0021177196 | I68: G | J68: 0 | K68: 0 | L68: 0 | M68: 1 | N68: 0 | O68: 1 | Q68: =A68 -> G | R68: =IFERROR(VLOOKUP(Q68,'LISTA-ESPECIES'!$A$4:$D$102,4,FALSE),"") | S68: =B68 -> 0 | T68: =J68 -> 0 | U68: =C68 -> 0 | V68: =K68 -> 0 | W68: =D68 -> 0 | X68: =L68 -> 0 | Y68: =E68 -> 0.0021177196 | Z68: =M68 -> 1 | AA68: =F68 -> 0 | AB68: =N68 -> 0 | AC68: =G68 -> 0.0021177196 | AD68: =AC68/SUM(AEEF[AEEF-UT]) -> 3.7052505e-06
A69: V | E69: 11.861659 | G69: 11.861659 | I69: V | J69: 0 | K69: 0 | L69: 0 | M69: 1 | N69: 0 | O69: 1 | Q69: =A69 -> V | R69: =IFERROR(VLOOKUP(Q69,'LISTA-ESPECIES'!$A$4:$D$102,4,FALSE),"") | S69: =B69 -> 0 | T69: =J69 -> 0 | U69: =C69 -> 0 | V69: =K69 -> 0 | W69: =D69 -> 0 | X69: =L69 -> 0 | Y69: =E69 -> 11.861659 | Z69: =M69 -> 1 | AA69: =F69 -> 0 | AB69: =N69 -> 0 | AC69: =G69 -> 11.861659 | AD69: =AC69/SUM(AEEF[AEEF-UT]) -> 0.020753652
A70: Cajuaçu | I70: Cajuaçu | Q70: =A70 -> Cajuaçu | R70: =IFERROR(VLOOKUP(Q70,'LISTA-ESPECIES'!$A$4:$D$102,4,FALSE),"") -> 67.29578
A71: N | C71: 17 | E71: 6 | G71: 23 | I71: N | J71: 0 | K71: 0.73913043 | L71: 0 | M71: 0.26086957 | N71: 0 | O71: 1 | Q71: =A71 -> N | R71: =IFERROR(VLOOKUP(Q71,'LISTA-ESPECIES'!$A$4:$D$102,4,FALSE),"") | S71: =B71 -> 0 | T71: =J71 -> 0 | U71: =C71 -> 17 | V71: =K71 -> 0.73913043 | W71: =D71 -> 0 | X71: =L71 -> 0 | Y71: =E71 -> 6 | Z71: =M71 -> 0.26086957 | AA71: =F71 -> 0 | AB71: =N71 -> 0 | AC71: =G71 -> 23 | AD71: =AC71/SUM(AEEF[AEEF-UT]) -> 0.040241758
A72: G | C72: 0.020907838 | E72: 0.0031766491 | G72: 0.024084487 | I72: G | J72: 0 | K72: 0.86810394 | L72: 0 | M72: 0.13189606 | N72: 0 | O72: 1 | Q72: =A72 -> G | R72: =IFERROR(VLOOKUP(Q72,'LISTA-ESPECIES'!$A$4:$D$102,4,FALSE),"") | S72: =B72 -> 0 | T72: =J72 -> 0 | U72: =C72 -> 0.020907838 | V72: =K72 -> 0.86810394 | W72: =D72 -> 0 | X72: =L72 -> 0 | Y72: =E72 -> 0.0031766491 | Z72: =M72 -> 0.13189606 | AA72: =F72 -> 0 | AB72: =N72 -> 0 | AC72: =G72 -> 0.024084487 | AD72: =AC72/SUM(AEEF[AEEF-UT]) -> 4.2139222e-05
A73: V | C73: 151.69745 | E73: 22.365761 | G73: 174.06321 | I73: V | J73: 0 | K73: 0.87150783 | L73: 0 | M73: 0.12849217 | N73: 0 | O73: 1 | Q73: =A73 -> V | R73: =IFERROR(VLOOKUP(Q73,'LISTA-ESPECIES'!$A$4:$D$102,4,FALSE),"") | S73: =B73 -> 0 | T73: =J73 -> 0 | U73: =C73 -> 151.69745 | V73: =K73 -> 0.87150783 | W73: =D73 -> 0 | X73: =L73 -> 0 | Y73: =E73 -> 22.365761 | Z73: =M73 -> 0.12849217 | AA73: =F73 -> 0 | AB73: =N73 -> 0 | AC73: =G73 -> 174.06321 | AD73: =AC73/SUM(AEEF[AEEF-UT]) -> 0.30454825
A74: Camurim | I74: Camurim | Q74: =A74 -> Camurim | R74: =IFERROR(VLOOKUP(Q74,'LISTA-ESPECIES'!$A$4:$D$102,4,FALSE),"") -> 64.112681
A75: N | E75: 2 | G75: 2 | I75: N | J75: 0 | K75: 0 | L75: 0 | M75: 1 | N75: 0 | O75: 1 | Q75: =A75 -> N | R75: =IFERROR(VLOOKUP(Q75,'LISTA-ESPECIES'!$A$4:$D$102,4,FALSE),"") | S75: =B75 -> 0 | T75: =J75 -> 0 | U75: =C75 -> 0 | V75: =K75 -> 0 | W75: =D75 -> 0 | X75: =L75 -> 0 | Y75: =E75 -> 2 | Z75: =M75 -> 1 | AA75: =F75 -> 0 | AB75: =N75 -> 0 | AC75: =G75 -> 2 | AD75: =AC75/SUM(AEEF[AEEF-UT]) -> 0.0034992833
A76: G | E76: 0.00080476131 | G76: 0.00080476131 | I76: G | J76: 0 | K76: 0 | L76: 0 | M76: 1 | N76: 0 | O76: 1 | Q76: =A76 -> G | R76: =IFERROR(VLOOKUP(Q76,'LISTA-ESPECIES'!$A$4:$D$102,4,FALSE),"") | S76: =B76 -> 0 | T76: =J76 -> 0 | U76: =C76 -> 0 | V76: =K76 -> 0 | W76: =D76 -> 0 | X76: =L76 -> 0 | Y76: =E76 -> 0.00080476131 | Z76: =M76 -> 1 | AA76: =F76 -> 0 | AB76: =N76 -> 0 | AC76: =G76 -> 0.00080476131 | AD76: =AC76/SUM(AEEF[AEEF-UT]) -> 1.4080439e-06
A77: V | E77: 5.4734976 | G77: 5.4734976 | I77: V | J77: 0 | K77: 0 | L77: 0 | M77: 1 | N77: 0 | O77: 1 | Q77: =A77 -> V | R77: =IFERROR(VLOOKUP(Q77,'LISTA-ESPECIES'!$A$4:$D$102,4,FALSE),"") | S77: =B77 -> 0 | T77: =J77 -> 0 | U77: =C77 -> 0 | V77: =K77 -> 0 | W77: =D77 -> 0 | X77: =L77 -> 0 | Y77: =E77 -> 5.4734976 | Z77: =M77 -> 1 | AA77: =F77 -> 0 | AB77: =N77 -> 0 | AC77: =G77 -> 5.4734976 | AD77: =AC77/SUM(AEEF[AEEF-UT]) -> 0.0095766596
A78: Carapanaúba | I78: Carapanaúba | Q78: =A78 -> Carapanaúba | R78: =IFERROR(VLOOKUP(Q78,'LISTA-ESPECIES'!$A$4:$D$102,4,FALSE),"") -> 57.109863
A79: N | C79: 12 | E79: 5 | F79: 20 | G79: 37 | I79: N | J79: 0 | K79: 0.32432432 | L79: 0 | M79: 0.13513514 | N79: 0.54054054 | O79: 1 | Q79: =A79 -> N | R79: =IFERROR(VLOOKUP(Q79,'LISTA-ESPECIES'!$A$4:$D$102,4,FALSE),"") | S79: =B79 -> 0 | T79: =J79 -> 0 | U79: =C79 -> 12 | V79: =K79 -> 0.32432432 | W79: =D79 -> 0 | X79: =L79 -> 0 | Y79: =E79 -> 5 | Z79: =M79 -> 0.13513514 | AA79: =F79 -> 20 | AB79: =N79 -> 0.54054054 | AC79: =G79 -> 37 | AD79: =AC79/SUM(AEEF[AEEF-UT]) -> 0.064736742
A80: G | C80: 0.014193024 | E80: 0.0019623088 | F80: 0.023862788 | G80: 0.040018121 | I80: G | J80: 0 | K80: 0.35466493 | L80: 0 | M80: 0.049035507 | N80: 0.59629957 | O80: 1 | Q80: =A80 -> G | R80: =IFERROR(VLOOKUP(Q80,'LISTA-ESPECIES'!$A$4:$D$102,4,FALSE),"") | S80: =B80 -> 0 | T80: =J80 -> 0 | U80: =C80 -> 0.014193024 | V80: =K80 -> 0.35466493 | W80: =D80 -> 0 | X80: =L80 -> 0 | Y80: =E80 -> 0.0019623088 | Z80: =M80 -> 0.049035507 | AA80: =F80 -> 0.023862788 | AB80: =N80 -> 0.59629957 | AC80: =G80 -> 0.040018121 | AD80: =AC80/SUM(AEEF[AEEF-UT]) -> 7.0017371e-05
A81: V | C81: 103.51068 | E81: 10.865299 | F81: 191.31711 | G81: 305.69308 | I81: V | J81: 0 | K81: 0.33860981 | L81: 0 | M81: 0.035543164 | N81: 0.62584703 | O81: 1 | Q81: =A81 -> V | R81: =IFERROR(VLOOKUP(Q81,'LISTA-ESPECIES'!$A$4:$D$102,4,FALSE),"")
A82: Casca Seca | I82: Casca Seca | Q82: =A82 -> Casca Seca | R82: =IFERROR(VLOOKUP(Q82,'LISTA-ESPECIES'!$A$4:$D$102,4,FALSE),"") -> 51.380285 | S82: =B82 -> 0 | T82: =J82 -> 0 | U82: =C82 -> 0 | V82: =K82 -> 0 | W82: =D82 -> 0 | X82: =L82 -> 0 | Y82: =E82 -> 0 | Z82: =M82 -> 0 | AA82: =F82 -> 0 | AB82: =N82 -> 0 | AC82: =G82 -> 0 | AD82: =AC82/SUM(AEEF[AEEF-UT]) -> 0
A83: N | C83: 13 | E83: 1 | G83: 14 | I83: N | J83: 0 | K83: 0.92857143 | L83: 0 | M83: 0.071428571 | N83: 0 | O83: 1 | Q83: =A83 -> N | R83: =IFERROR(VLOOKUP(Q83,'LISTA-ESPECIES'!$A$4:$D$102,4,FALSE),"") | S83: =B83 -> 0 | T83: =J83 -> 0 | U83: =C83 -> 13 | V83: =K83 -> 0.92857143 | W83: =D83 -> 0 | X83: =L83 -> 0 | Y83: =E83 -> 1 | Z83: =M83 -> 0.071428571 | AA83: =F83 -> 0 | AB83: =N83 -> 0 | AC83: =G83 -> 14 | AD83: =AC83/SUM(AEEF[AEEF-UT]) -> 0.024494983
A84: G | C84: 0.0092009419 | E84: 0.00023530218 | G84: 0.0094362441 | I84: G | J84: 0 | K84: 0.975064 | L84: 0 | M84: 0.024936 | N84: 0 | O84: 1 | Q84: =A84 -> G | R84: =IFERROR(VLOOKUP(Q84,'LISTA-ESPECIES'!$A$4:$D$102,4,FALSE),"") | S84: =B84 -> 0 | T84: =J84 -> 0 | U84: =C84 -> 0.0092009419 | V84: =K84 -> 0.975064 | W84: =D84 -> 0 | X84: =L84 -> 0 | Y84: =E84 -> 0.00023530218 | Z84: =M84 -> 0.024936 | AA84: =F84 -> 0 | AB84: =N84 -> 0 | AC84: =G84 -> 0.0094362441 | AD84: =AC84/SUM(AEEF[AEEF-UT]) -> 1.6510046e-05
A85: V | C85: 68.903994 | E85: 1.4121022 | G85: 70.316096 | I85: V | J85: 0 | K85: 0.9799178 | L85: 0 | M85: 0.020082205 | N85: 0 | O85: 1 | Q85: =A85 -> V | R85: =IFERROR(VLOOKUP(Q85,'LISTA-ESPECIES'!$A$4:$D$102,4,FALSE),"")
A86: Castanheira | I86: Castanheira | Q86: =A86 -> Castanheira | R86: =IFERROR(VLOOKUP(Q86,'LISTA-ESPECIES'!$A$4:$D$102,4,FALSE),"") -> 51.380285 | S86: =B86 -> 0 | T86: =J86 -> 0 | U86: =C86 -> 0 | V86: =K86 -> 0 | W86: =D86 -> 0 | X86: =L86 -> 0 | Y86: =E86 -> 0 | Z86: =M86 -> 0 | AA86: =F86 -> 0 | AB86: =N86 -> 0 | AC86: =G86 -> 0 | AD86: =AC86/SUM(AEEF[AEEF-UT]) -> 0
A87: N | D87: 149 | G87: 149 | I87: N | J87: 0 | K87: 0 | L87: 1 | M87: 0 | N87: 0 | O87: 1 | Q87: =A87 -> N | R87: =IFERROR(VLOOKUP(Q87,'LISTA-ESPECIES'!$A$4:$D$102,4,FALSE),"") | S87: =B87 -> 0 | T87: =J87 -> 0 | U87: =C87 -> 0 | V87: =K87 -> 0 | W87: =D87 -> 149 | X87: =L87 -> 1 | Y87: =E87 -> 0 | Z87: =M87 -> 0 | AA87: =F87 -> 0 | AB87: =N87 -> 0 | AC87: =G87 -> 149 | AD87: =AC87/SUM(AEEF[AEEF-UT]) -> 0.26069661
A88: G | D88: 0.27413114 | G88: 0.27413114 | I88: G | J88: 0 | K88: 0 | L88: 1 | M88: 0 | N88: 0 | O88: 1 | Q88: =A88 -> G | R88: =IFERROR(VLOOKUP(Q88,'LISTA-ESPECIES'!$A$4:$D$102,4,FALSE),"") | S88: =B88 -> 0 | T88: =J88 -> 0 | U88: =C88 -> 0 | V88: =K88 -> 0 | W88: =D88 -> 0.27413114 | X88: =L88 -> 1 | Y88: =E88 -> 0 | Z88: =M88 -> 0 | AA88: =F88 -> 0 | AB88: =N88 -> 0 | AC88: =G88 -> 0.27413114 | AD88: =AC88/SUM(AEEF[AEEF-UT]) -> 0.00047963126
A89: V | D89: 2469.682 | G89: 2469.682 | I89: V | J89: 0 | K89: 0 | L89: 1 | M89: 0 | N89: 0 | O89: 1 | Q89: =A89 -> V | R89: =IFERROR(VLOOKUP(Q89,'LISTA-ESPECIES'!$A$4:$D$102,4,FALSE),"")
A90: Castanhola | I90: Castanhola | Q90: =A90 -> Castanhola | R90: =IFERROR(VLOOKUP(Q90,'LISTA-ESPECIES'!$A$4:$D$102,4,FALSE),"") -> 59.338032 | S90: =B90 -> 0 | T90: =J90 -> 0 | U90: =C90 -> 0 | V90: =K90 -> 0 | W90: =D90 -> 0 | X90: =L90 -> 0 | Y90: =E90 -> 0 | Z90: =M90 -> 0 | AA90: =F90 -> 0 | AB90: =N90 -> 0 | AC90: =G90 -> 0 | AD90: =AC90/SUM(AEEF[AEEF-UT]) -> 0
A91: N | C91: 2 | E91: 1 | G91: 3 | I91: N | J91: 0 | K91: 0.66666667 | L91: 0 | M91: 0.33333333 | N91: 0 | O91: 1 | Q91: =A91 -> N | R91: =IFERROR(VLOOKUP(Q91,'LISTA-ESPECIES'!$A$4:$D$102,4,FALSE),"") | S91: =B91 -> 0 | T91: =J91 -> 0 | U91: =C91 -> 2 | V91: =K91 -> 0.66666667 | W91: =D91 -> 0 | X91: =L91 -> 0 | Y91: =E91 -> 1 | Z91: =M91 -> 0.33333333 | AA91: =F91 -> 0 | AB91: =N91 -> 0 | AC91: =G91 -> 3 | AD91: =AC91/SUM(AEEF[AEEF-UT]) -> 0.005248925
A92: G | C92: 0.0033763775 | E92: 0.00033450503 | G92: 0.0037108825 | I92: G | J92: 0 | K92: 0.90985836 | L92: 0 | M92: 0.090141638 | N92: 0 | O92: 1 | Q92: =A92 -> G | R92: =IFERROR(VLOOKUP(Q92,'LISTA-ESPECIES'!$A$4:$D$102,4,FALSE),"") | S92: =B92 -> 0 | T92: =J92 -> 0 | U92: =C92 -> 0.0033763775 | V92: =K92 -> 0.90985836 | W92: =D92 -> 0 | X92: =L92 -> 0 | Y92: =E92 -> 0.00033450503 | Z92: =M92 -> 0.090141638 | AA92: =F92 -> 0 | AB92: =N92 -> 0 | AC92: =G92 -> 0.0037108825 | AD92: =AC92/SUM(AEEF[AEEF-UT]) -> 6.4927147e-06
A93: V | C93: 24.314896 | E93: 1.8736118 | G93: 26.188508 | I93: V | J93: 0 | K93: 0.92845672 | L93: 0 | M93: 0.07154328 | N93: 0 | O93: 1 | Q93: =A93 -> V | R93: =IFERROR(VLOOKUP(Q93,'LISTA-ESPECIES'!$A$4:$D$102,4,FALSE),"")
A94: Caucho | I94: Caucho | Q94: =A94 -> Caucho | R94: =IFERROR(VLOOKUP(Q94,'LISTA-ESPECIES'!$A$4:$D$102,4,FALSE),"") -> 95.943669 | S94: =B94 -> 0 | T94: =J94 -> 0 | U94: =C94 -> 0 | V94: =K94 -> 0 | W94: =D94 -> 0 | X94: =L94 -> 0 | Y94: =E94 -> 0 | Z94: =M94 -> 0 | AA94: =F94 -> 0 | AB94: =N94 -> 0 | AC94: =G94 -> 0 | AD94: =AC94/SUM(AEEF[AEEF-UT]) -> 0
A95: N | E95: 1 | G95: 1 | I95: N | J95: 0 | K95: 0 | L95: 0 | M95: 1 | N95: 0 | O95: 1 | Q95: =A95 -> N | R95: =IFERROR(VLOOKUP(Q95,'LISTA-ESPECIES'!$A$4:$D$102,4,FALSE),"") | S95: =B95 -> 0 | T95: =J95 -> 0 | U95: =C95 -> 0 | V95: =K95 -> 0 | W95: =D95 -> 0 | X95: =L95 -> 0 | Y95: =E95 -> 1 | Z95: =M95 -> 1 | AA95: =F95 -> 0 | AB95: =N95 -> 0 | AC95: =G95 -> 1 | AD95: =AC95/SUM(AEEF[AEEF-UT]) -> 0.0017496417
A96: G | E96: 0.0010150017 | G96: 0.0010150017 | I96: G | J96: 0 | K96: 0 | L96: 0 | M96: 1 | N96: 0 | O96: 1 | Q96: =A96 -> G | R96: =IFERROR(VLOOKUP(Q96,'LISTA-ESPECIES'!$A$4:$D$102,4,FALSE),"")
A97: V | E97: 7.3095091 | G97: 7.3095091 | I97: V | J97: 0 | K97: 0 | L97: 0 | M97: 1 | N97: 0 | O97: 1 | Q97: =A97 -> V | R97: =IFERROR(VLOOKUP(Q97,'LISTA-ESPECIES'!$A$4:$D$102,4,FALSE),"") | S97: =B97 -> 0 | T97: =J97 -> 0 | U97: =C97 -> 0 | V97: =K97 -> 0 | W97: =D97 -> 0 | X97: =L97 -> 0 | Y97: =E97 -> 7.3095091 | Z97: =M97 -> 1 | AA97: =F97 -> 0 | AB97: =N97 -> 0 | AC97: =G97 -> 7.3095091 | AD97: =AC97/SUM(AEEF[AEEF-UT]) -> 0.012789022
A98: Cedrarana | I98: Cedrarana | Q98: =A98 -> Cedrarana | R98: =IFERROR(VLOOKUP(Q98,'LISTA-ESPECIES'!$A$4:$D$102,4,FALSE),"") -> 50 | S98: =B98 -> 0 | T98: =J98 -> 0 | U98: =C98 -> 0 | V98: =K98 -> 0 | W98: =D98 -> 0 | X98: =L98 -> 0 | Y98: =E98 -> 0 | Z98: =M98 -> 0 | AA98: =F98 -> 0 | AB98: =N98 -> 0 | AC98: =G98 -> 0 | AD98: =AC98/SUM(AEEF[AEEF-UT]) -> 0
A99: N | B99: 70 | C99: 18 | E99: 4 | G99: 92 | I99: N | J99: 0.76086957 | K99: 0.19565217 | L99: 0 | M99: 0.043478261 | N99: 0 | O99: 1 | Q99: =A99 -> N | R99: =IFERROR(VLOOKUP(Q99,'LISTA-ESPECIES'!$A$4:$D$102,4,FALSE),"") | S99: =B99 -> 70 | T99: =J99 -> 0.76086957 | U99: =C99 -> 18 | V99: =K99 -> 0.19565217 | W99: =D99 -> 0 | X99: =L99 -> 0 | Y99: =E99 -> 4 | Z99: =M99 -> 0.043478261 | AA99: =F99 -> 0 | AB99: =N99 -> 0 | AC99: =G99 -> 92 | AD99: =AC99/SUM(AEEF[AEEF-UT]) -> 0.16096703
A100: G | B100: 0.14560974 | C100: 0.037281765 | E100: 0.0011288518 | G100: 0.18402036 | I100: G | J100: 0.79126974 | K100: 0.20259588 | L100: 0 | M100: 0.0061343854 | N100: 0 | O100: 1 | Q100: =A100 -> G | R100: =IFERROR(VLOOKUP(Q100,'LISTA-ESPECIES'!$A$4:$D$102,4,FALSE),"")
A101: V | B101: 1312.3643 | C101: 326.21708 | E101: 6.8518988 | G101: 1645.4333 | I101: V | J101: 0.79757977 | K101: 0.19825604 | L101: 0 | M101: 0.0041641912 | N101: 0 | O101: 1 | Q101: =A101 -> V | R101: =IFERROR(VLOOKUP(Q101,'LISTA-ESPECIES'!$A$4:$D$102,4,FALSE),"") | S101: =B101 -> 1312.3643 | T101: =J101 -> 0.79757977 | U101: =C101 -> 326.21708 | V101: =K101 -> 0.19825604 | W101: =D101 -> 0 | X101: =L101 -> 0 | Y101: =E101 -> 6.8518988 | Z101: =M101 -> 0.0041641912 | AA101: =F101 -> 0 | AB101: =N101 -> 0 | AC101: =G101 -> 1645.4333 | AD101: =AC101/SUM(AEEF[AEEF-UT]) -> 2.8789186
...

Sheet MODELO-3-P
A1: UT | B1: AEEF | C1: N (ha) | D1: VT (m³/ha) | E1: VP (m³/ha) | F1: VP/VT (%)
A2: 1 | B2: =VLOOKUP(A2,AEEF[],2,FALSE) -> 294.2697 | C2: =COUNTIFS(CENSO[N° UT],A2)/B2 -> 8.692706 | D2: =SUMIFS(CENSO[v (m³)],CENSO[N° UT],Tabela11[[#This Row],[UT]])/Tabela11[[#This Row],[AEEF]] -> 55.053028 | E2: =SUMIFS(CENSO[v (m³)],CENSO[N° UT],A2,CENSO[CATEGORIA],"Explorar")/Tabela11[[#This Row],[AEEF]] -> 27.811101 | F2: =(Tabela11[[#This Row],[VP (m³/ha)]]/Tabela11[[#This Row],[VT (m³/ha)]])*100 -> 50.516932
A3: 2 | B3: =VLOOKUP(A3,AEEF[],2,FALSE) -> 277.2759 | C3: =COUNTIFS(CENSO[N° UT],A3)/B3 -> 8.5762953 | D3: =SUMIFS(CENSO[v (m³)],CENSO[N° UT],Tabela11[[#This Row],[UT]])/Tabela11[[#This Row],[AEEF]] -> 60.813403 | E3: =SUMIFS(CENSO[v (m³)],CENSO[N° UT],A3,CENSO[CATEGORIA],"Explorar")/Tabela11[[#This Row],[AEEF]] -> 32.311762 | F3: =(Tabela11[[#This Row],[VP (m³/ha)]]/Tabela11[[#This Row],[VT (m³/ha)]])*100 -> 53.132634
A5: N: Número de árvores por hectare; VP: Volume Planejado; VT: Volume Total.
